user_id,product_id,sport_type,product_type,brand,rating,sentiment_score,item_profile
User_53,CR_SH_YO,Cricket,Shoes,Yonex,2,1,Cricket Shoes Yonex
User_259,VO_SH_NI,Volleyball,Shoes,Nike,1,1,Volleyball Shoes Nike
User_143,TE_PA_MR,Tennis,Pads,MRF,2,1,Tennis Pads MRF
User_173,BA_HE_SG,Basketball,Helmet,SG,3,1,Basketball Helmet SG
User_136,CR_HE_AD,Cricket,Helmet,Adidas,3,0,Cricket Helmet Adidas
User_151,BA_PA_AD,Baseball,Pads,Adidas,4,1,Baseball Pads Adidas
User_41,TE_JE_NI,Tennis,Jersey,Nike,2,0,Tennis Jersey Nike
User_187,CR_HE_YO,Cricket,Helmet,Yonex,4,0,Cricket Helmet Yonex
User_37,HO_GL_RE,Hockey,Gloves,Reebok,3,0,Hockey Gloves Reebok
User_286,TE_BA_KO,Tennis,Bat,Kookaburra,4,1,Tennis Bat Kookaburra
User_206,HO_SH_RE,Hockey,Shoes,Reebok,1,0,Hockey Shoes Reebok
User_203,CR_BA_SG,Cricket,Ball,SG,2,0,Cricket Ball SG
User_276,BA_RA_PU,Basketball,Racket,Puma,2,0,Basketball Racket Puma
User_71,VO_HE_SG,Volleyball,Helmet,SG,2,-1,Volleyball Helmet SG
User_82,BA_JE_NI,Baseball,Jersey,Nike,1,1,Baseball Jersey Nike
User_271,CR_HE_MR,Cricket,Helmet,MRF,5,-1,Cricket Helmet MRF
User_223,FO_JE_YO,Football,Jersey,Yonex,3,1,Football Jersey Yonex
User_260,BA_SH_YO,Baseball,Shoes,Yonex,5,0,Baseball Shoes Yonex
User_83,BA_PA_RE,Badminton,Pads,Reebok,2,1,Badminton Pads Reebok
User_186,FO_GL_KO,Football,Gloves,Kookaburra,1,1,Football Gloves Kookaburra
User_44,TE_SH_RE,Tennis,Shoes,Reebok,5,-1,Tennis Shoes Reebok
User_282,CR_PA_PU,Cricket,Pads,Puma,2,0,Cricket Pads Puma
User_103,BA_PA_MR,Badminton,Pads,MRF,2,-1,Badminton Pads MRF
User_127,VO_GL_KO,Volleyball,Gloves,Kookaburra,5,1,Volleyball Gloves Kookaburra
User_113,CR_GL_NI,Cricket,Gloves,Nike,5,1,Cricket Gloves Nike
User_170,CR_SH_RE,Cricket,Shoes,Reebok,1,-1,Cricket Shoes Reebok
User_293,TE_RA_KO,Tennis,Racket,Kookaburra,2,1,Tennis Racket Kookaburra
User_221,TE_NE_MR,Tennis,Net,MRF,2,1,Tennis Net MRF
User_51,VO_HE_KO,Volleyball,Helmet,Kookaburra,1,0,Volleyball Helmet Kookaburra
User_275,VO_GL_AD,Volleyball,Gloves,Adidas,2,1,Volleyball Gloves Adidas
User_39,BA_HE_PU,Basketball,Helmet,Puma,3,1,Basketball Helmet Puma
User_122,CR_SH_NI,Cricket,Shoes,Nike,1,-1,Cricket Shoes Nike
User_31,VO_NE_KO,Volleyball,Net,Kookaburra,2,-1,Volleyball Net Kookaburra
User_233,VO_SH_MR,Volleyball,Shoes,MRF,3,-1,Volleyball Shoes MRF
User_112,VO_PA_KO,Volleyball,Pads,Kookaburra,2,1,Volleyball Pads Kookaburra
User_258,FO_GL_NI,Football,Gloves,Nike,1,1,Football Gloves Nike
User_35,BA_SH_AD,Basketball,Shoes,Adidas,2,1,Basketball Shoes Adidas
User_42,VO_JE_RE,Volleyball,Jersey,Reebok,5,1,Volleyball Jersey Reebok
User_203,HO_RA_RE,Hockey,Racket,Reebok,3,1,Hockey Racket Reebok
User_289,BA_NE_SG,Badminton,Net,SG,1,1,Badminton Net SG
User_179,CR_PA_RE,Cricket,Pads,Reebok,5,1,Cricket Pads Reebok
User_279,TE_GL_YO,Tennis,Gloves,Yonex,2,1,Tennis Gloves Yonex
User_69,FO_PA_YO,Football,Pads,Yonex,1,-1,Football Pads Yonex
User_108,CR_JE_PU,Cricket,Jersey,Puma,3,1,Cricket Jersey Puma
User_27,TE_RA_KO,Tennis,Racket,Kookaburra,3,-1,Tennis Racket Kookaburra
User_67,VO_RA_NI,Volleyball,Racket,Nike,1,1,Volleyball Racket Nike
User_39,BA_NE_MR,Basketball,Net,MRF,5,1,Basketball Net MRF
User_158,FO_GL_PU,Football,Gloves,Puma,4,1,Football Gloves Puma
User_182,FO_GL_RE,Football,Gloves,Reebok,2,0,Football Gloves Reebok
User_13,BA_BA_PU,Basketball,Ball,Puma,2,-1,Basketball Ball Puma
User_56,HO_HE_RE,Hockey,Helmet,Reebok,3,1,Hockey Helmet Reebok
User_236,FO_NE_RE,Football,Net,Reebok,2,0,Football Net Reebok
User_205,BA_BA_RE,Badminton,Ball,Reebok,1,0,Badminton Ball Reebok
User_205,BA_JE_YO,Badminton,Jersey,Yonex,3,0,Badminton Jersey Yonex
User_136,FO_JE_YO,Football,Jersey,Yonex,2,1,Football Jersey Yonex
User_262,CR_HE_SG,Cricket,Helmet,SG,3,1,Cricket Helmet SG
User_1,VO_BA_YO,Volleyball,Ball,Yonex,1,0,Volleyball Ball Yonex
User_170,TE_GL_MR,Tennis,Gloves,MRF,1,-1,Tennis Gloves MRF
User_152,CR_RA_YO,Cricket,Racket,Yonex,4,1,Cricket Racket Yonex
User_155,TE_HE_MR,Tennis,Helmet,MRF,2,0,Tennis Helmet MRF
User_297,FO_RA_YO,Football,Racket,Yonex,2,1,Football Racket Yonex
User_87,BA_NE_KO,Baseball,Net,Kookaburra,2,1,Baseball Net Kookaburra
User_121,BA_PA_SG,Badminton,Pads,SG,1,0,Badminton Pads SG
User_244,TE_BA_PU,Tennis,Ball,Puma,1,1,Tennis Ball Puma
User_125,BA_HE_RE,Baseball,Helmet,Reebok,4,1,Baseball Helmet Reebok
User_266,FO_JE_MR,Football,Jersey,MRF,2,1,Football Jersey MRF
User_238,FO_PA_RE,Football,Pads,Reebok,1,1,Football Pads Reebok
User_82,HO_NE_MR,Hockey,Net,MRF,5,1,Hockey Net MRF
User_267,BA_RA_RE,Baseball,Racket,Reebok,3,0,Baseball Racket Reebok
User_121,TE_RA_KO,Tennis,Racket,Kookaburra,1,0,Tennis Racket Kookaburra
User_197,HO_GL_AD,Hockey,Gloves,Adidas,2,1,Hockey Gloves Adidas
User_239,TE_JE_MR,Tennis,Jersey,MRF,4,1,Tennis Jersey MRF
User_300,FO_BA_MR,Football,Ball,MRF,4,-1,Football Ball MRF
User_200,VO_NE_NI,Volleyball,Net,Nike,3,1,Volleyball Net Nike
User_15,TE_NE_RE,Tennis,Net,Reebok,3,1,Tennis Net Reebok
User_274,HO_HE_PU,Hockey,Helmet,Puma,4,-1,Hockey Helmet Puma
User_237,VO_SH_AD,Volleyball,Shoes,Adidas,4,1,Volleyball Shoes Adidas
User_168,FO_RA_MR,Football,Racket,MRF,3,1,Football Racket MRF
User_241,VO_RA_MR,Volleyball,Racket,MRF,3,0,Volleyball Racket MRF
User_21,FO_GL_RE,Football,Gloves,Reebok,1,0,Football Gloves Reebok
User_65,TE_BA_NI,Tennis,Ball,Nike,5,1,Tennis Ball Nike
User_86,CR_BA_KO,Cricket,Ball,Kookaburra,3,0,Cricket Ball Kookaburra
User_160,BA_RA_AD,Basketball,Racket,Adidas,5,1,Basketball Racket Adidas
User_125,VO_BA_AD,Volleyball,Ball,Adidas,5,0,Volleyball Ball Adidas
User_190,BA_JE_NI,Badminton,Jersey,Nike,3,1,Badminton Jersey Nike
User_186,HO_SH_MR,Hockey,Shoes,MRF,4,1,Hockey Shoes MRF
User_139,BA_HE_PU,Basketball,Helmet,Puma,5,-1,Basketball Helmet Puma
User_45,BA_HE_YO,Baseball,Helmet,Yonex,3,-1,Baseball Helmet Yonex
User_195,BA_BA_KO,Baseball,Ball,Kookaburra,5,0,Baseball Ball Kookaburra
User_182,FO_NE_SG,Football,Net,SG,2,1,Football Net SG
User_98,HO_RA_YO,Hockey,Racket,Yonex,5,1,Hockey Racket Yonex
User_244,TE_HE_KO,Tennis,Helmet,Kookaburra,5,0,Tennis Helmet Kookaburra
User_125,BA_SH_AD,Baseball,Shoes,Adidas,3,1,Baseball Shoes Adidas
User_282,HO_NE_SG,Hockey,Net,SG,4,-1,Hockey Net SG
User_62,HO_NE_YO,Hockey,Net,Yonex,3,1,Hockey Net Yonex
User_248,HO_JE_PU,Hockey,Jersey,Puma,2,1,Hockey Jersey Puma
User_92,BA_JE_RE,Badminton,Jersey,Reebok,3,1,Badminton Jersey Reebok
User_28,FO_PA_PU,Football,Pads,Puma,3,1,Football Pads Puma
User_241,BA_NE_AD,Basketball,Net,Adidas,1,1,Basketball Net Adidas
User_245,BA_GL_PU,Baseball,Gloves,Puma,1,1,Baseball Gloves Puma
User_28,CR_HE_KO,Cricket,Helmet,Kookaburra,1,1,Cricket Helmet Kookaburra
User_214,BA_RA_AD,Basketball,Racket,Adidas,2,1,Basketball Racket Adidas
User_220,VO_NE_KO,Volleyball,Net,Kookaburra,3,-1,Volleyball Net Kookaburra
User_42,FO_JE_RE,Football,Jersey,Reebok,2,1,Football Jersey Reebok
User_231,TE_BA_AD,Tennis,Bat,Adidas,2,1,Tennis Bat Adidas
User_233,BA_SH_RE,Badminton,Shoes,Reebok,3,0,Badminton Shoes Reebok
User_116,TE_RA_RE,Tennis,Racket,Reebok,4,1,Tennis Racket Reebok
User_158,BA_BA_AD,Badminton,Bat,Adidas,1,1,Badminton Bat Adidas
User_140,BA_JE_KO,Baseball,Jersey,Kookaburra,3,0,Baseball Jersey Kookaburra
User_222,BA_NE_AD,Baseball,Net,Adidas,5,1,Baseball Net Adidas
User_295,BA_SH_AD,Badminton,Shoes,Adidas,2,-1,Badminton Shoes Adidas
User_227,BA_SH_PU,Badminton,Shoes,Puma,4,1,Badminton Shoes Puma
User_210,BA_HE_KO,Basketball,Helmet,Kookaburra,1,1,Basketball Helmet Kookaburra
User_254,HO_JE_PU,Hockey,Jersey,Puma,3,1,Hockey Jersey Puma
User_130,VO_PA_NI,Volleyball,Pads,Nike,4,1,Volleyball Pads Nike
User_28,CR_HE_NI,Cricket,Helmet,Nike,5,1,Cricket Helmet Nike
User_282,HO_NE_KO,Hockey,Net,Kookaburra,1,1,Hockey Net Kookaburra
User_123,BA_NE_KO,Badminton,Net,Kookaburra,1,1,Badminton Net Kookaburra
User_116,BA_PA_NI,Badminton,Pads,Nike,5,1,Badminton Pads Nike
User_150,BA_JE_PU,Baseball,Jersey,Puma,4,-1,Baseball Jersey Puma
User_283,BA_HE_KO,Badminton,Helmet,Kookaburra,4,1,Badminton Helmet Kookaburra
User_213,VO_BA_PU,Volleyball,Ball,Puma,1,1,Volleyball Ball Puma
User_297,BA_SH_YO,Badminton,Shoes,Yonex,3,0,Badminton Shoes Yonex
User_279,BA_NE_KO,Basketball,Net,Kookaburra,3,1,Basketball Net Kookaburra
User_120,BA_GL_RE,Baseball,Gloves,Reebok,2,1,Baseball Gloves Reebok
User_78,FO_GL_KO,Football,Gloves,Kookaburra,4,1,Football Gloves Kookaburra
User_226,FO_BA_SG,Football,Bat,SG,1,-1,Football Bat SG
User_80,BA_SH_PU,Baseball,Shoes,Puma,4,-1,Baseball Shoes Puma
User_42,BA_RA_SG,Baseball,Racket,SG,5,0,Baseball Racket SG
User_36,VO_GL_KO,Volleyball,Gloves,Kookaburra,5,1,Volleyball Gloves Kookaburra
User_52,BA_BA_AD,Badminton,Ball,Adidas,4,-1,Badminton Ball Adidas
User_29,BA_RA_NI,Basketball,Racket,Nike,1,1,Basketball Racket Nike
User_211,HO_GL_MR,Hockey,Gloves,MRF,2,1,Hockey Gloves MRF
User_124,BA_BA_AD,Basketball,Bat,Adidas,5,-1,Basketball Bat Adidas
User_5,BA_BA_KO,Basketball,Ball,Kookaburra,3,1,Basketball Ball Kookaburra
User_177,BA_PA_PU,Badminton,Pads,Puma,1,1,Badminton Pads Puma
User_197,VO_RA_KO,Volleyball,Racket,Kookaburra,3,1,Volleyball Racket Kookaburra
User_152,CR_BA_MR,Cricket,Ball,MRF,5,1,Cricket Ball MRF
User_26,FO_HE_YO,Football,Helmet,Yonex,1,1,Football Helmet Yonex
User_129,BA_BA_SG,Badminton,Ball,SG,2,0,Badminton Ball SG
User_187,CR_SH_YO,Cricket,Shoes,Yonex,4,1,Cricket Shoes Yonex
User_68,CR_RA_SG,Cricket,Racket,SG,4,1,Cricket Racket SG
User_152,BA_BA_YO,Badminton,Bat,Yonex,4,-1,Badminton Bat Yonex
User_116,CR_NE_AD,Cricket,Net,Adidas,2,0,Cricket Net Adidas
User_64,HO_JE_MR,Hockey,Jersey,MRF,1,1,Hockey Jersey MRF
User_120,HO_RA_MR,Hockey,Racket,MRF,3,1,Hockey Racket MRF
User_33,FO_PA_SG,Football,Pads,SG,5,1,Football Pads SG
User_20,BA_HE_AD,Badminton,Helmet,Adidas,2,1,Badminton Helmet Adidas
User_70,BA_JE_AD,Baseball,Jersey,Adidas,2,-1,Baseball Jersey Adidas
User_80,BA_GL_MR,Baseball,Gloves,MRF,5,0,Baseball Gloves MRF
User_190,CR_NE_MR,Cricket,Net,MRF,3,1,Cricket Net MRF
User_189,BA_NE_RE,Baseball,Net,Reebok,3,1,Baseball Net Reebok
User_233,FO_HE_YO,Football,Helmet,Yonex,2,-1,Football Helmet Yonex
User_65,TE_SH_NI,Tennis,Shoes,Nike,3,1,Tennis Shoes Nike
User_120,CR_PA_RE,Cricket,Pads,Reebok,5,1,Cricket Pads Reebok
User_277,BA_SH_YO,Basketball,Shoes,Yonex,2,-1,Basketball Shoes Yonex
User_122,BA_JE_NI,Basketball,Jersey,Nike,2,1,Basketball Jersey Nike
User_216,FO_BA_YO,Football,Bat,Yonex,1,1,Football Bat Yonex
User_263,CR_JE_KO,Cricket,Jersey,Kookaburra,4,0,Cricket Jersey Kookaburra
User_267,BA_PA_RE,Baseball,Pads,Reebok,5,1,Baseball Pads Reebok
User_219,BA_SH_NI,Baseball,Shoes,Nike,4,0,Baseball Shoes Nike
User_76,BA_NE_AD,Baseball,Net,Adidas,1,1,Baseball Net Adidas
User_272,BA_RA_SG,Basketball,Racket,SG,4,-1,Basketball Racket SG
User_59,BA_PA_MR,Baseball,Pads,MRF,1,0,Baseball Pads MRF
User_233,VO_NE_RE,Volleyball,Net,Reebok,4,1,Volleyball Net Reebok
User_131,VO_JE_SG,Volleyball,Jersey,SG,4,1,Volleyball Jersey SG
User_48,BA_NE_AD,Basketball,Net,Adidas,1,0,Basketball Net Adidas
User_288,CR_GL_PU,Cricket,Gloves,Puma,5,1,Cricket Gloves Puma
User_27,CR_HE_SG,Cricket,Helmet,SG,4,-1,Cricket Helmet SG
User_80,BA_GL_AD,Badminton,Gloves,Adidas,5,1,Badminton Gloves Adidas
User_143,TE_JE_SG,Tennis,Jersey,SG,5,1,Tennis Jersey SG
User_137,VO_PA_NI,Volleyball,Pads,Nike,5,-1,Volleyball Pads Nike
User_93,BA_RA_YO,Basketball,Racket,Yonex,3,1,Basketball Racket Yonex
User_272,VO_JE_PU,Volleyball,Jersey,Puma,1,1,Volleyball Jersey Puma
User_160,VO_HE_KO,Volleyball,Helmet,Kookaburra,3,1,Volleyball Helmet Kookaburra
User_26,CR_SH_PU,Cricket,Shoes,Puma,2,0,Cricket Shoes Puma
User_213,BA_NE_MR,Badminton,Net,MRF,4,0,Badminton Net MRF
User_146,TE_PA_AD,Tennis,Pads,Adidas,3,1,Tennis Pads Adidas
User_29,BA_SH_RE,Badminton,Shoes,Reebok,4,-1,Badminton Shoes Reebok
User_149,TE_RA_RE,Tennis,Racket,Reebok,2,0,Tennis Racket Reebok
User_195,CR_SH_KO,Cricket,Shoes,Kookaburra,4,1,Cricket Shoes Kookaburra
User_22,TE_PA_SG,Tennis,Pads,SG,1,1,Tennis Pads SG
User_294,FO_NE_AD,Football,Net,Adidas,3,1,Football Net Adidas
User_167,VO_RA_AD,Volleyball,Racket,Adidas,4,1,Volleyball Racket Adidas
User_125,BA_GL_AD,Baseball,Gloves,Adidas,4,0,Baseball Gloves Adidas
User_174,VO_PA_AD,Volleyball,Pads,Adidas,4,-1,Volleyball Pads Adidas
User_272,HO_BA_AD,Hockey,Bat,Adidas,5,0,Hockey Bat Adidas
User_75,TE_GL_SG,Tennis,Gloves,SG,2,1,Tennis Gloves SG
User_253,TE_BA_PU,Tennis,Bat,Puma,1,1,Tennis Bat Puma
User_241,BA_GL_SG,Baseball,Gloves,SG,2,1,Baseball Gloves SG
User_159,BA_RA_NI,Badminton,Racket,Nike,3,1,Badminton Racket Nike
User_40,BA_SH_NI,Baseball,Shoes,Nike,3,0,Baseball Shoes Nike
User_293,VO_NE_NI,Volleyball,Net,Nike,4,-1,Volleyball Net Nike
User_176,HO_NE_PU,Hockey,Net,Puma,1,1,Hockey Net Puma
User_269,BA_SH_RE,Basketball,Shoes,Reebok,4,-1,Basketball Shoes Reebok
User_174,BA_GL_SG,Basketball,Gloves,SG,3,1,Basketball Gloves SG
User_198,HO_JE_SG,Hockey,Jersey,SG,1,1,Hockey Jersey SG
User_73,BA_BA_SG,Badminton,Bat,SG,1,1,Badminton Bat SG
User_44,BA_HE_PU,Badminton,Helmet,Puma,5,0,Badminton Helmet Puma
User_217,VO_GL_PU,Volleyball,Gloves,Puma,5,1,Volleyball Gloves Puma
User_110,HO_SH_SG,Hockey,Shoes,SG,3,1,Hockey Shoes SG
User_152,BA_BA_RE,Baseball,Ball,Reebok,2,1,Baseball Ball Reebok
User_84,FO_GL_PU,Football,Gloves,Puma,5,1,Football Gloves Puma
User_122,BA_NE_NI,Basketball,Net,Nike,4,1,Basketball Net Nike
User_241,BA_NE_RE,Badminton,Net,Reebok,5,1,Badminton Net Reebok
User_258,HO_NE_KO,Hockey,Net,Kookaburra,3,0,Hockey Net Kookaburra
User_129,VO_BA_RE,Volleyball,Bat,Reebok,5,1,Volleyball Bat Reebok
User_146,BA_GL_AD,Baseball,Gloves,Adidas,5,-1,Baseball Gloves Adidas
User_224,BA_RA_KO,Basketball,Racket,Kookaburra,5,1,Basketball Racket Kookaburra
User_203,TE_NE_SG,Tennis,Net,SG,1,1,Tennis Net SG
User_15,HO_BA_MR,Hockey,Ball,MRF,1,1,Hockey Ball MRF
User_242,CR_GL_PU,Cricket,Gloves,Puma,2,1,Cricket Gloves Puma
User_111,BA_NE_NI,Baseball,Net,Nike,1,1,Baseball Net Nike
User_25,VO_JE_YO,Volleyball,Jersey,Yonex,2,1,Volleyball Jersey Yonex
User_256,VO_NE_AD,Volleyball,Net,Adidas,1,0,Volleyball Net Adidas
User_181,TE_BA_YO,Tennis,Bat,Yonex,4,1,Tennis Bat Yonex
User_35,VO_BA_AD,Volleyball,Bat,Adidas,5,-1,Volleyball Bat Adidas
User_192,FO_HE_KO,Football,Helmet,Kookaburra,1,0,Football Helmet Kookaburra
User_54,FO_GL_AD,Football,Gloves,Adidas,3,1,Football Gloves Adidas
User_90,BA_SH_SG,Basketball,Shoes,SG,5,1,Basketball Shoes SG
User_235,BA_BA_PU,Baseball,Bat,Puma,1,0,Baseball Bat Puma
User_162,BA_BA_NI,Badminton,Ball,Nike,2,-1,Badminton Ball Nike
User_98,VO_PA_KO,Volleyball,Pads,Kookaburra,3,1,Volleyball Pads Kookaburra
User_189,HO_SH_SG,Hockey,Shoes,SG,3,1,Hockey Shoes SG
User_255,VO_NE_MR,Volleyball,Net,MRF,3,-1,Volleyball Net MRF
User_41,HO_PA_YO,Hockey,Pads,Yonex,1,0,Hockey Pads Yonex
User_168,BA_PA_YO,Basketball,Pads,Yonex,3,1,Basketball Pads Yonex
User_180,BA_NE_MR,Badminton,Net,MRF,2,0,Badminton Net MRF
User_30,FO_GL_MR,Football,Gloves,MRF,3,0,Football Gloves MRF
User_225,VO_GL_PU,Volleyball,Gloves,Puma,1,1,Volleyball Gloves Puma
User_291,BA_JE_RE,Basketball,Jersey,Reebok,3,1,Basketball Jersey Reebok
User_40,BA_NE_SG,Basketball,Net,SG,3,1,Basketball Net SG
User_59,HO_HE_SG,Hockey,Helmet,SG,3,1,Hockey Helmet SG
User_134,BA_NE_MR,Basketball,Net,MRF,5,1,Basketball Net MRF
User_38,TE_RA_KO,Tennis,Racket,Kookaburra,2,1,Tennis Racket Kookaburra
User_34,BA_NE_AD,Basketball,Net,Adidas,3,0,Basketball Net Adidas
User_63,BA_BA_PU,Badminton,Bat,Puma,3,1,Badminton Bat Puma
User_294,BA_BA_KO,Basketball,Ball,Kookaburra,1,1,Basketball Ball Kookaburra
User_34,BA_PA_PU,Baseball,Pads,Puma,5,-1,Baseball Pads Puma
User_38,VO_NE_MR,Volleyball,Net,MRF,4,0,Volleyball Net MRF
User_177,HO_JE_KO,Hockey,Jersey,Kookaburra,4,0,Hockey Jersey Kookaburra
User_29,BA_BA_MR,Basketball,Bat,MRF,5,-1,Basketball Bat MRF
User_116,BA_RA_PU,Basketball,Racket,Puma,2,1,Basketball Racket Puma
User_283,BA_JE_YO,Badminton,Jersey,Yonex,2,0,Badminton Jersey Yonex
User_298,BA_RA_AD,Basketball,Racket,Adidas,5,0,Basketball Racket Adidas
User_296,BA_GL_NI,Basketball,Gloves,Nike,1,1,Basketball Gloves Nike
User_280,TE_HE_NI,Tennis,Helmet,Nike,4,-1,Tennis Helmet Nike
User_38,BA_NE_RE,Badminton,Net,Reebok,4,1,Badminton Net Reebok
User_175,BA_NE_MR,Basketball,Net,MRF,4,1,Basketball Net MRF
User_190,HO_GL_SG,Hockey,Gloves,SG,4,1,Hockey Gloves SG
User_231,CR_GL_RE,Cricket,Gloves,Reebok,4,1,Cricket Gloves Reebok
User_215,BA_JE_NI,Basketball,Jersey,Nike,3,-1,Basketball Jersey Nike
User_256,BA_GL_SG,Basketball,Gloves,SG,2,0,Basketball Gloves SG
User_202,BA_NE_YO,Baseball,Net,Yonex,4,1,Baseball Net Yonex
User_26,BA_BA_RE,Baseball,Ball,Reebok,5,1,Baseball Ball Reebok
User_56,BA_NE_YO,Baseball,Net,Yonex,5,1,Baseball Net Yonex
User_206,BA_RA_SG,Basketball,Racket,SG,4,1,Basketball Racket SG
User_231,TE_GL_YO,Tennis,Gloves,Yonex,1,1,Tennis Gloves Yonex
User_174,CR_BA_AD,Cricket,Bat,Adidas,4,1,Cricket Bat Adidas
User_20,BA_BA_MR,Basketball,Ball,MRF,5,1,Basketball Ball MRF
User_264,HO_NE_KO,Hockey,Net,Kookaburra,2,0,Hockey Net Kookaburra
User_154,HO_GL_PU,Hockey,Gloves,Puma,4,-1,Hockey Gloves Puma
User_57,BA_RA_KO,Baseball,Racket,Kookaburra,1,1,Baseball Racket Kookaburra
User_297,BA_SH_KO,Badminton,Shoes,Kookaburra,3,-1,Badminton Shoes Kookaburra
User_195,FO_NE_PU,Football,Net,Puma,5,0,Football Net Puma
User_161,TE_SH_AD,Tennis,Shoes,Adidas,2,1,Tennis Shoes Adidas
User_242,BA_HE_RE,Basketball,Helmet,Reebok,4,1,Basketball Helmet Reebok
User_245,BA_PA_RE,Basketball,Pads,Reebok,5,1,Basketball Pads Reebok
User_176,VO_GL_PU,Volleyball,Gloves,Puma,4,-1,Volleyball Gloves Puma
User_153,BA_NE_RE,Badminton,Net,Reebok,2,1,Badminton Net Reebok
User_179,BA_RA_RE,Badminton,Racket,Reebok,4,1,Badminton Racket Reebok
User_75,BA_JE_MR,Badminton,Jersey,MRF,4,0,Badminton Jersey MRF
User_132,FO_RA_AD,Football,Racket,Adidas,3,-1,Football Racket Adidas
User_71,TE_BA_YO,Tennis,Ball,Yonex,5,0,Tennis Ball Yonex
User_120,TE_BA_NI,Tennis,Ball,Nike,5,1,Tennis Ball Nike
User_71,CR_HE_SG,Cricket,Helmet,SG,4,1,Cricket Helmet SG
User_148,BA_HE_KO,Basketball,Helmet,Kookaburra,4,0,Basketball Helmet Kookaburra
User_20,BA_SH_AD,Badminton,Shoes,Adidas,5,1,Badminton Shoes Adidas
User_96,VO_BA_NI,Volleyball,Bat,Nike,4,0,Volleyball Bat Nike
User_172,FO_SH_YO,Football,Shoes,Yonex,5,0,Football Shoes Yonex
User_240,BA_PA_KO,Baseball,Pads,Kookaburra,2,-1,Baseball Pads Kookaburra
User_132,TE_JE_SG,Tennis,Jersey,SG,2,0,Tennis Jersey SG
User_99,FO_GL_YO,Football,Gloves,Yonex,5,0,Football Gloves Yonex
User_49,VO_HE_SG,Volleyball,Helmet,SG,1,1,Volleyball Helmet SG
User_197,BA_NE_SG,Basketball,Net,SG,2,1,Basketball Net SG
User_294,BA_RA_SG,Baseball,Racket,SG,3,1,Baseball Racket SG
User_239,BA_GL_RE,Badminton,Gloves,Reebok,1,0,Badminton Gloves Reebok
User_152,BA_HE_YO,Basketball,Helmet,Yonex,1,0,Basketball Helmet Yonex
User_192,TE_BA_PU,Tennis,Ball,Puma,4,1,Tennis Ball Puma
User_42,BA_PA_RE,Baseball,Pads,Reebok,2,0,Baseball Pads Reebok
User_58,BA_PA_SG,Baseball,Pads,SG,1,-1,Baseball Pads SG
User_267,TE_PA_PU,Tennis,Pads,Puma,2,1,Tennis Pads Puma
User_229,CR_BA_KO,Cricket,Ball,Kookaburra,1,-1,Cricket Ball Kookaburra
User_287,BA_BA_MR,Baseball,Bat,MRF,4,1,Baseball Bat MRF
User_112,BA_SH_MR,Badminton,Shoes,MRF,3,0,Badminton Shoes MRF
User_31,FO_HE_SG,Football,Helmet,SG,1,1,Football Helmet SG
User_70,BA_SH_YO,Baseball,Shoes,Yonex,4,1,Baseball Shoes Yonex
User_277,HO_HE_KO,Hockey,Helmet,Kookaburra,4,1,Hockey Helmet Kookaburra
User_66,HO_JE_PU,Hockey,Jersey,Puma,5,1,Hockey Jersey Puma
User_279,FO_SH_YO,Football,Shoes,Yonex,4,0,Football Shoes Yonex
User_142,VO_BA_RE,Volleyball,Ball,Reebok,4,1,Volleyball Ball Reebok
User_9,CR_SH_MR,Cricket,Shoes,MRF,5,0,Cricket Shoes MRF
User_25,TE_JE_AD,Tennis,Jersey,Adidas,5,1,Tennis Jersey Adidas
User_29,FO_HE_KO,Football,Helmet,Kookaburra,2,1,Football Helmet Kookaburra
User_165,BA_BA_SG,Badminton,Ball,SG,5,1,Badminton Ball SG
User_32,BA_BA_RE,Badminton,Bat,Reebok,4,1,Badminton Bat Reebok
User_196,VO_PA_KO,Volleyball,Pads,Kookaburra,1,-1,Volleyball Pads Kookaburra
User_95,HO_HE_MR,Hockey,Helmet,MRF,2,1,Hockey Helmet MRF
User_30,TE_BA_YO,Tennis,Ball,Yonex,2,0,Tennis Ball Yonex
User_105,VO_PA_PU,Volleyball,Pads,Puma,4,1,Volleyball Pads Puma
User_98,CR_NE_SG,Cricket,Net,SG,1,1,Cricket Net SG
User_287,BA_HE_NI,Badminton,Helmet,Nike,1,1,Badminton Helmet Nike
User_8,BA_BA_SG,Baseball,Ball,SG,3,-1,Baseball Ball SG
User_105,TE_JE_KO,Tennis,Jersey,Kookaburra,2,0,Tennis Jersey Kookaburra
User_274,TE_PA_SG,Tennis,Pads,SG,3,1,Tennis Pads SG
User_239,BA_RA_SG,Badminton,Racket,SG,5,-1,Badminton Racket SG
User_24,BA_GL_RE,Baseball,Gloves,Reebok,3,1,Baseball Gloves Reebok
User_297,BA_SH_YO,Basketball,Shoes,Yonex,5,-1,Basketball Shoes Yonex
User_292,BA_BA_RE,Badminton,Bat,Reebok,3,1,Badminton Bat Reebok
User_251,BA_PA_SG,Baseball,Pads,SG,3,0,Baseball Pads SG
User_280,BA_BA_SG,Baseball,Bat,SG,2,1,Baseball Bat SG
User_39,BA_PA_NI,Basketball,Pads,Nike,5,1,Basketball Pads Nike
User_78,FO_HE_PU,Football,Helmet,Puma,2,1,Football Helmet Puma
User_248,TE_PA_KO,Tennis,Pads,Kookaburra,3,1,Tennis Pads Kookaburra
User_141,FO_SH_MR,Football,Shoes,MRF,1,1,Football Shoes MRF
User_50,FO_PA_MR,Football,Pads,MRF,2,1,Football Pads MRF
User_182,BA_BA_RE,Basketball,Ball,Reebok,5,1,Basketball Ball Reebok
User_125,VO_JE_SG,Volleyball,Jersey,SG,4,1,Volleyball Jersey SG
User_194,BA_JE_NI,Badminton,Jersey,Nike,1,1,Badminton Jersey Nike
User_223,FO_SH_PU,Football,Shoes,Puma,1,1,Football Shoes Puma
User_291,CR_PA_NI,Cricket,Pads,Nike,2,1,Cricket Pads Nike
User_289,BA_SH_AD,Badminton,Shoes,Adidas,3,-1,Badminton Shoes Adidas
User_204,BA_GL_NI,Basketball,Gloves,Nike,2,1,Basketball Gloves Nike
User_200,BA_BA_RE,Badminton,Bat,Reebok,5,0,Badminton Bat Reebok
User_178,VO_BA_AD,Volleyball,Bat,Adidas,5,0,Volleyball Bat Adidas
User_204,CR_HE_RE,Cricket,Helmet,Reebok,1,1,Cricket Helmet Reebok
User_284,FO_RA_KO,Football,Racket,Kookaburra,4,1,Football Racket Kookaburra
User_152,VO_BA_MR,Volleyball,Bat,MRF,1,0,Volleyball Bat MRF
User_79,CR_JE_YO,Cricket,Jersey,Yonex,2,1,Cricket Jersey Yonex
User_158,HO_GL_AD,Hockey,Gloves,Adidas,1,1,Hockey Gloves Adidas
User_221,HO_RA_AD,Hockey,Racket,Adidas,2,1,Hockey Racket Adidas
User_48,VO_JE_NI,Volleyball,Jersey,Nike,1,1,Volleyball Jersey Nike
User_44,VO_SH_YO,Volleyball,Shoes,Yonex,4,1,Volleyball Shoes Yonex
User_138,BA_HE_PU,Basketball,Helmet,Puma,2,1,Basketball Helmet Puma
User_154,BA_JE_PU,Basketball,Jersey,Puma,4,1,Basketball Jersey Puma
User_254,CR_GL_YO,Cricket,Gloves,Yonex,2,0,Cricket Gloves Yonex
User_203,BA_JE_PU,Baseball,Jersey,Puma,3,1,Baseball Jersey Puma
User_70,VO_GL_KO,Volleyball,Gloves,Kookaburra,3,1,Volleyball Gloves Kookaburra
User_204,HO_BA_KO,Hockey,Ball,Kookaburra,3,1,Hockey Ball Kookaburra
User_202,BA_NE_RE,Badminton,Net,Reebok,3,1,Badminton Net Reebok
User_237,CR_BA_PU,Cricket,Ball,Puma,5,1,Cricket Ball Puma
User_72,BA_RA_AD,Baseball,Racket,Adidas,4,0,Baseball Racket Adidas
User_38,TE_RA_PU,Tennis,Racket,Puma,4,0,Tennis Racket Puma
User_185,BA_HE_MR,Baseball,Helmet,MRF,5,1,Baseball Helmet MRF
User_23,CR_BA_SG,Cricket,Ball,SG,2,0,Cricket Ball SG
User_114,HO_HE_AD,Hockey,Helmet,Adidas,1,1,Hockey Helmet Adidas
User_257,TE_NE_SG,Tennis,Net,SG,4,1,Tennis Net SG
User_44,HO_SH_KO,Hockey,Shoes,Kookaburra,1,1,Hockey Shoes Kookaburra
User_106,BA_GL_YO,Basketball,Gloves,Yonex,3,1,Basketball Gloves Yonex
User_232,BA_GL_KO,Baseball,Gloves,Kookaburra,1,1,Baseball Gloves Kookaburra
User_176,CR_RA_NI,Cricket,Racket,Nike,1,1,Cricket Racket Nike
User_287,BA_BA_PU,Basketball,Ball,Puma,5,1,Basketball Ball Puma
User_222,BA_BA_MR,Baseball,Ball,MRF,2,1,Baseball Ball MRF
User_3,FO_BA_KO,Football,Ball,Kookaburra,5,1,Football Ball Kookaburra
User_275,TE_RA_AD,Tennis,Racket,Adidas,5,1,Tennis Racket Adidas
User_251,HO_GL_RE,Hockey,Gloves,Reebok,4,1,Hockey Gloves Reebok
User_181,HO_HE_MR,Hockey,Helmet,MRF,5,1,Hockey Helmet MRF
User_123,BA_RA_AD,Basketball,Racket,Adidas,2,1,Basketball Racket Adidas
User_215,CR_BA_SG,Cricket,Bat,SG,2,1,Cricket Bat SG
User_89,VO_HE_PU,Volleyball,Helmet,Puma,4,0,Volleyball Helmet Puma
User_231,BA_RA_PU,Baseball,Racket,Puma,2,1,Baseball Racket Puma
User_197,HO_SH_KO,Hockey,Shoes,Kookaburra,2,1,Hockey Shoes Kookaburra
User_228,BA_HE_KO,Baseball,Helmet,Kookaburra,4,0,Baseball Helmet Kookaburra
User_141,BA_JE_NI,Basketball,Jersey,Nike,2,1,Basketball Jersey Nike
User_254,BA_BA_KO,Badminton,Bat,Kookaburra,5,0,Badminton Bat Kookaburra
User_188,CR_JE_YO,Cricket,Jersey,Yonex,5,0,Cricket Jersey Yonex
User_127,BA_PA_RE,Baseball,Pads,Reebok,4,1,Baseball Pads Reebok
User_45,FO_NE_YO,Football,Net,Yonex,3,-1,Football Net Yonex
User_220,CR_BA_RE,Cricket,Ball,Reebok,5,0,Cricket Ball Reebok
User_273,BA_BA_RE,Basketball,Ball,Reebok,1,1,Basketball Ball Reebok
User_264,BA_GL_YO,Basketball,Gloves,Yonex,3,1,Basketball Gloves Yonex
User_65,BA_HE_NI,Basketball,Helmet,Nike,3,-1,Basketball Helmet Nike
User_202,TE_BA_SG,Tennis,Bat,SG,2,0,Tennis Bat SG
User_48,BA_RA_MR,Basketball,Racket,MRF,4,1,Basketball Racket MRF
User_2,BA_GL_KO,Badminton,Gloves,Kookaburra,4,1,Badminton Gloves Kookaburra
User_220,BA_GL_AD,Baseball,Gloves,Adidas,5,1,Baseball Gloves Adidas
User_296,BA_RA_SG,Baseball,Racket,SG,3,1,Baseball Racket SG
User_236,BA_GL_NI,Baseball,Gloves,Nike,1,1,Baseball Gloves Nike
User_220,CR_BA_KO,Cricket,Bat,Kookaburra,4,1,Cricket Bat Kookaburra
User_185,BA_RA_PU,Basketball,Racket,Puma,3,1,Basketball Racket Puma
User_157,CR_GL_PU,Cricket,Gloves,Puma,1,1,Cricket Gloves Puma
User_40,VO_JE_AD,Volleyball,Jersey,Adidas,1,1,Volleyball Jersey Adidas
User_176,TE_PA_KO,Tennis,Pads,Kookaburra,1,1,Tennis Pads Kookaburra
User_46,VO_BA_KO,Volleyball,Bat,Kookaburra,1,1,Volleyball Bat Kookaburra
User_69,CR_GL_SG,Cricket,Gloves,SG,3,1,Cricket Gloves SG
User_226,CR_PA_NI,Cricket,Pads,Nike,5,0,Cricket Pads Nike
User_112,TE_BA_MR,Tennis,Bat,MRF,5,0,Tennis Bat MRF
User_180,CR_BA_AD,Cricket,Bat,Adidas,5,0,Cricket Bat Adidas
User_128,HO_BA_RE,Hockey,Bat,Reebok,3,0,Hockey Bat Reebok
User_97,FO_RA_RE,Football,Racket,Reebok,5,0,Football Racket Reebok
User_124,BA_SH_RE,Badminton,Shoes,Reebok,4,1,Badminton Shoes Reebok
User_68,CR_PA_NI,Cricket,Pads,Nike,3,-1,Cricket Pads Nike
User_38,VO_GL_PU,Volleyball,Gloves,Puma,4,-1,Volleyball Gloves Puma
User_31,CR_SH_YO,Cricket,Shoes,Yonex,2,1,Cricket Shoes Yonex
User_43,BA_PA_MR,Badminton,Pads,MRF,4,0,Badminton Pads MRF
User_105,BA_JE_YO,Badminton,Jersey,Yonex,1,1,Badminton Jersey Yonex
User_123,HO_HE_AD,Hockey,Helmet,Adidas,3,0,Hockey Helmet Adidas
User_29,TE_JE_MR,Tennis,Jersey,MRF,1,1,Tennis Jersey MRF
User_84,BA_JE_NI,Basketball,Jersey,Nike,2,0,Basketball Jersey Nike
User_138,HO_PA_YO,Hockey,Pads,Yonex,2,1,Hockey Pads Yonex
User_135,FO_GL_MR,Football,Gloves,MRF,3,1,Football Gloves MRF
User_291,BA_NE_SG,Baseball,Net,SG,1,1,Baseball Net SG
User_60,HO_BA_YO,Hockey,Bat,Yonex,1,-1,Hockey Bat Yonex
User_187,FO_SH_NI,Football,Shoes,Nike,2,1,Football Shoes Nike
User_215,BA_BA_NI,Basketball,Bat,Nike,5,0,Basketball Bat Nike
User_40,HO_BA_MR,Hockey,Ball,MRF,3,1,Hockey Ball MRF
User_265,CR_PA_NI,Cricket,Pads,Nike,2,1,Cricket Pads Nike
User_160,VO_JE_KO,Volleyball,Jersey,Kookaburra,3,0,Volleyball Jersey Kookaburra
User_150,CR_PA_KO,Cricket,Pads,Kookaburra,1,1,Cricket Pads Kookaburra
User_101,TE_NE_SG,Tennis,Net,SG,5,-1,Tennis Net SG
User_178,BA_SH_MR,Basketball,Shoes,MRF,1,1,Basketball Shoes MRF
User_272,HO_SH_MR,Hockey,Shoes,MRF,3,1,Hockey Shoes MRF
User_48,VO_NE_NI,Volleyball,Net,Nike,2,0,Volleyball Net Nike
User_44,TE_PA_MR,Tennis,Pads,MRF,3,1,Tennis Pads MRF
User_223,BA_HE_AD,Basketball,Helmet,Adidas,5,1,Basketball Helmet Adidas
User_202,TE_RA_YO,Tennis,Racket,Yonex,3,-1,Tennis Racket Yonex
User_104,HO_NE_YO,Hockey,Net,Yonex,2,1,Hockey Net Yonex
User_161,CR_BA_AD,Cricket,Bat,Adidas,2,1,Cricket Bat Adidas
User_238,CR_PA_SG,Cricket,Pads,SG,2,1,Cricket Pads SG
User_21,CR_JE_PU,Cricket,Jersey,Puma,3,0,Cricket Jersey Puma
User_203,HO_BA_AD,Hockey,Bat,Adidas,2,-1,Hockey Bat Adidas
User_208,FO_RA_YO,Football,Racket,Yonex,2,1,Football Racket Yonex
User_72,TE_JE_KO,Tennis,Jersey,Kookaburra,1,0,Tennis Jersey Kookaburra
User_206,FO_SH_RE,Football,Shoes,Reebok,2,1,Football Shoes Reebok
User_102,CR_RA_AD,Cricket,Racket,Adidas,1,-1,Cricket Racket Adidas
User_237,BA_JE_SG,Basketball,Jersey,SG,1,1,Basketball Jersey SG
User_219,BA_HE_MR,Basketball,Helmet,MRF,4,1,Basketball Helmet MRF
User_77,HO_BA_PU,Hockey,Ball,Puma,3,1,Hockey Ball Puma
User_246,TE_RA_KO,Tennis,Racket,Kookaburra,4,-1,Tennis Racket Kookaburra
User_270,CR_RA_MR,Cricket,Racket,MRF,2,1,Cricket Racket MRF
User_249,FO_HE_SG,Football,Helmet,SG,4,1,Football Helmet SG
User_113,HO_HE_YO,Hockey,Helmet,Yonex,2,1,Hockey Helmet Yonex
User_300,BA_SH_KO,Badminton,Shoes,Kookaburra,5,1,Badminton Shoes Kookaburra
User_29,BA_JE_RE,Basketball,Jersey,Reebok,2,1,Basketball Jersey Reebok
User_163,VO_GL_PU,Volleyball,Gloves,Puma,2,1,Volleyball Gloves Puma
User_253,FO_GL_PU,Football,Gloves,Puma,5,-1,Football Gloves Puma
User_113,BA_NE_NI,Basketball,Net,Nike,1,1,Basketball Net Nike
User_67,BA_SH_SG,Baseball,Shoes,SG,5,1,Baseball Shoes SG
User_73,BA_GL_NI,Basketball,Gloves,Nike,1,1,Basketball Gloves Nike
User_173,HO_JE_SG,Hockey,Jersey,SG,4,1,Hockey Jersey SG
User_250,HO_BA_PU,Hockey,Bat,Puma,4,0,Hockey Bat Puma
User_90,BA_PA_SG,Basketball,Pads,SG,2,0,Basketball Pads SG
User_294,BA_RA_PU,Badminton,Racket,Puma,2,0,Badminton Racket Puma
User_290,FO_BA_SG,Football,Bat,SG,5,1,Football Bat SG
User_164,BA_BA_SG,Baseball,Bat,SG,1,1,Baseball Bat SG
User_128,CR_GL_KO,Cricket,Gloves,Kookaburra,1,1,Cricket Gloves Kookaburra
User_225,HO_RA_AD,Hockey,Racket,Adidas,1,1,Hockey Racket Adidas
User_193,BA_HE_KO,Basketball,Helmet,Kookaburra,4,1,Basketball Helmet Kookaburra
User_18,BA_BA_PU,Baseball,Ball,Puma,4,1,Baseball Ball Puma
User_88,FO_GL_YO,Football,Gloves,Yonex,1,1,Football Gloves Yonex
User_248,BA_JE_AD,Basketball,Jersey,Adidas,3,1,Basketball Jersey Adidas
User_170,VO_BA_MR,Volleyball,Bat,MRF,2,1,Volleyball Bat MRF
User_50,TE_HE_YO,Tennis,Helmet,Yonex,3,1,Tennis Helmet Yonex
User_2,VO_PA_KO,Volleyball,Pads,Kookaburra,2,1,Volleyball Pads Kookaburra
User_106,CR_RA_KO,Cricket,Racket,Kookaburra,2,1,Cricket Racket Kookaburra
User_204,BA_JE_KO,Badminton,Jersey,Kookaburra,1,1,Badminton Jersey Kookaburra
User_190,BA_RA_AD,Baseball,Racket,Adidas,5,1,Baseball Racket Adidas
User_239,HO_BA_KO,Hockey,Bat,Kookaburra,1,1,Hockey Bat Kookaburra
User_50,TE_RA_NI,Tennis,Racket,Nike,2,0,Tennis Racket Nike
User_32,HO_PA_MR,Hockey,Pads,MRF,5,1,Hockey Pads MRF
User_244,VO_PA_KO,Volleyball,Pads,Kookaburra,5,-1,Volleyball Pads Kookaburra
User_265,CR_HE_NI,Cricket,Helmet,Nike,5,1,Cricket Helmet Nike
User_99,CR_NE_PU,Cricket,Net,Puma,2,-1,Cricket Net Puma
User_76,FO_HE_AD,Football,Helmet,Adidas,4,1,Football Helmet Adidas
User_283,HO_JE_AD,Hockey,Jersey,Adidas,4,1,Hockey Jersey Adidas
User_268,BA_PA_KO,Badminton,Pads,Kookaburra,1,0,Badminton Pads Kookaburra
User_299,CR_HE_PU,Cricket,Helmet,Puma,2,1,Cricket Helmet Puma
User_211,CR_JE_YO,Cricket,Jersey,Yonex,5,-1,Cricket Jersey Yonex
User_207,VO_NE_KO,Volleyball,Net,Kookaburra,1,1,Volleyball Net Kookaburra
User_26,VO_SH_MR,Volleyball,Shoes,MRF,3,0,Volleyball Shoes MRF
User_156,BA_GL_NI,Badminton,Gloves,Nike,3,0,Badminton Gloves Nike
User_227,BA_NE_AD,Badminton,Net,Adidas,2,1,Badminton Net Adidas
User_209,BA_HE_AD,Badminton,Helmet,Adidas,2,1,Badminton Helmet Adidas
User_260,HO_SH_PU,Hockey,Shoes,Puma,1,1,Hockey Shoes Puma
User_103,BA_PA_NI,Basketball,Pads,Nike,2,1,Basketball Pads Nike
User_102,TE_SH_KO,Tennis,Shoes,Kookaburra,1,-1,Tennis Shoes Kookaburra
User_124,HO_NE_MR,Hockey,Net,MRF,1,0,Hockey Net MRF
User_180,BA_NE_PU,Baseball,Net,Puma,4,1,Baseball Net Puma
User_26,BA_RA_AD,Basketball,Racket,Adidas,3,1,Basketball Racket Adidas
User_210,TE_BA_RE,Tennis,Ball,Reebok,2,1,Tennis Ball Reebok
User_5,FO_SH_KO,Football,Shoes,Kookaburra,2,0,Football Shoes Kookaburra
User_179,BA_RA_YO,Badminton,Racket,Yonex,4,-1,Badminton Racket Yonex
User_204,BA_BA_KO,Badminton,Ball,Kookaburra,3,0,Badminton Ball Kookaburra
User_145,FO_PA_SG,Football,Pads,SG,5,0,Football Pads SG
User_167,CR_NE_AD,Cricket,Net,Adidas,3,-1,Cricket Net Adidas
User_124,BA_RA_RE,Badminton,Racket,Reebok,2,1,Badminton Racket Reebok
User_152,VO_GL_PU,Volleyball,Gloves,Puma,1,0,Volleyball Gloves Puma
User_293,VO_HE_MR,Volleyball,Helmet,MRF,1,1,Volleyball Helmet MRF
User_88,HO_BA_KO,Hockey,Ball,Kookaburra,3,1,Hockey Ball Kookaburra
User_287,BA_JE_KO,Badminton,Jersey,Kookaburra,2,0,Badminton Jersey Kookaburra
User_158,HO_JE_RE,Hockey,Jersey,Reebok,3,1,Hockey Jersey Reebok
User_61,HO_GL_YO,Hockey,Gloves,Yonex,5,1,Hockey Gloves Yonex
User_196,FO_JE_KO,Football,Jersey,Kookaburra,2,1,Football Jersey Kookaburra
User_103,BA_HE_NI,Badminton,Helmet,Nike,2,1,Badminton Helmet Nike
User_93,VO_NE_PU,Volleyball,Net,Puma,3,-1,Volleyball Net Puma
User_3,BA_GL_PU,Baseball,Gloves,Puma,3,0,Baseball Gloves Puma
User_251,BA_BA_PU,Badminton,Ball,Puma,5,0,Badminton Ball Puma
User_245,BA_HE_MR,Basketball,Helmet,MRF,4,1,Basketball Helmet MRF
User_165,FO_SH_RE,Football,Shoes,Reebok,3,-1,Football Shoes Reebok
User_177,TE_SH_NI,Tennis,Shoes,Nike,2,1,Tennis Shoes Nike
User_86,BA_JE_MR,Basketball,Jersey,MRF,5,1,Basketball Jersey MRF
User_269,FO_RA_YO,Football,Racket,Yonex,4,0,Football Racket Yonex
User_97,VO_BA_SG,Volleyball,Bat,SG,4,1,Volleyball Bat SG
User_68,VO_SH_RE,Volleyball,Shoes,Reebok,2,0,Volleyball Shoes Reebok
User_20,FO_PA_PU,Football,Pads,Puma,1,1,Football Pads Puma
User_56,BA_PA_NI,Badminton,Pads,Nike,5,-1,Badminton Pads Nike
User_281,FO_JE_MR,Football,Jersey,MRF,4,1,Football Jersey MRF
User_52,BA_BA_RE,Baseball,Bat,Reebok,1,1,Baseball Bat Reebok
User_61,BA_BA_MR,Badminton,Bat,MRF,1,1,Badminton Bat MRF
User_135,CR_JE_KO,Cricket,Jersey,Kookaburra,2,0,Cricket Jersey Kookaburra
User_281,TE_GL_MR,Tennis,Gloves,MRF,3,1,Tennis Gloves MRF
User_46,TE_NE_SG,Tennis,Net,SG,2,1,Tennis Net SG
User_52,BA_BA_AD,Baseball,Bat,Adidas,5,1,Baseball Bat Adidas
User_52,TE_NE_YO,Tennis,Net,Yonex,3,1,Tennis Net Yonex
User_60,FO_RA_SG,Football,Racket,SG,3,1,Football Racket SG
User_225,FO_SH_PU,Football,Shoes,Puma,2,1,Football Shoes Puma
User_205,CR_GL_SG,Cricket,Gloves,SG,2,1,Cricket Gloves SG
User_86,BA_HE_KO,Badminton,Helmet,Kookaburra,4,0,Badminton Helmet Kookaburra
User_248,BA_SH_PU,Basketball,Shoes,Puma,1,1,Basketball Shoes Puma
User_67,BA_HE_SG,Basketball,Helmet,SG,5,1,Basketball Helmet SG
User_134,BA_JE_MR,Baseball,Jersey,MRF,4,1,Baseball Jersey MRF
User_49,FO_PA_RE,Football,Pads,Reebok,3,1,Football Pads Reebok
User_286,TE_NE_SG,Tennis,Net,SG,4,1,Tennis Net SG
User_39,FO_BA_KO,Football,Bat,Kookaburra,4,-1,Football Bat Kookaburra
User_115,HO_BA_SG,Hockey,Ball,SG,3,1,Hockey Ball SG
User_294,VO_BA_AD,Volleyball,Ball,Adidas,4,1,Volleyball Ball Adidas
User_255,CR_NE_KO,Cricket,Net,Kookaburra,3,1,Cricket Net Kookaburra
User_1,CR_HE_MR,Cricket,Helmet,MRF,1,1,Cricket Helmet MRF
User_187,BA_PA_RE,Badminton,Pads,Reebok,4,-1,Badminton Pads Reebok
User_243,TE_NE_SG,Tennis,Net,SG,5,0,Tennis Net SG
User_182,BA_JE_AD,Baseball,Jersey,Adidas,2,1,Baseball Jersey Adidas
User_210,HO_JE_NI,Hockey,Jersey,Nike,2,1,Hockey Jersey Nike
User_202,BA_BA_RE,Badminton,Ball,Reebok,1,-1,Badminton Ball Reebok
User_24,BA_BA_SG,Baseball,Ball,SG,1,0,Baseball Ball SG
User_25,BA_NE_PU,Baseball,Net,Puma,4,1,Baseball Net Puma
User_66,BA_PA_PU,Baseball,Pads,Puma,5,1,Baseball Pads Puma
User_128,VO_GL_MR,Volleyball,Gloves,MRF,4,-1,Volleyball Gloves MRF
User_71,VO_GL_YO,Volleyball,Gloves,Yonex,4,0,Volleyball Gloves Yonex
User_103,BA_PA_SG,Badminton,Pads,SG,5,0,Badminton Pads SG
User_166,BA_GL_PU,Badminton,Gloves,Puma,2,1,Badminton Gloves Puma
User_214,HO_PA_KO,Hockey,Pads,Kookaburra,5,1,Hockey Pads Kookaburra
User_196,BA_HE_NI,Badminton,Helmet,Nike,5,1,Badminton Helmet Nike
User_83,FO_SH_RE,Football,Shoes,Reebok,3,0,Football Shoes Reebok
User_278,BA_BA_NI,Badminton,Bat,Nike,3,1,Badminton Bat Nike
User_288,HO_NE_AD,Hockey,Net,Adidas,5,-1,Hockey Net Adidas
User_199,VO_BA_YO,Volleyball,Ball,Yonex,1,-1,Volleyball Ball Yonex
User_104,HO_PA_NI,Hockey,Pads,Nike,1,0,Hockey Pads Nike
User_91,TE_GL_RE,Tennis,Gloves,Reebok,2,1,Tennis Gloves Reebok
User_143,BA_BA_AD,Basketball,Bat,Adidas,4,1,Basketball Bat Adidas
User_80,BA_BA_YO,Basketball,Bat,Yonex,1,1,Basketball Bat Yonex
User_155,BA_GL_NI,Basketball,Gloves,Nike,5,0,Basketball Gloves Nike
User_95,HO_JE_SG,Hockey,Jersey,SG,5,1,Hockey Jersey SG
User_207,CR_PA_PU,Cricket,Pads,Puma,4,1,Cricket Pads Puma
User_151,HO_BA_RE,Hockey,Ball,Reebok,3,1,Hockey Ball Reebok
User_229,BA_PA_NI,Baseball,Pads,Nike,1,0,Baseball Pads Nike
User_59,TE_SH_SG,Tennis,Shoes,SG,4,-1,Tennis Shoes SG
User_192,BA_PA_YO,Badminton,Pads,Yonex,1,-1,Badminton Pads Yonex
User_99,BA_NE_NI,Baseball,Net,Nike,3,-1,Baseball Net Nike
User_34,CR_JE_PU,Cricket,Jersey,Puma,5,1,Cricket Jersey Puma
User_223,TE_HE_AD,Tennis,Helmet,Adidas,2,1,Tennis Helmet Adidas
User_38,BA_SH_KO,Basketball,Shoes,Kookaburra,3,1,Basketball Shoes Kookaburra
User_133,BA_RA_AD,Basketball,Racket,Adidas,5,0,Basketball Racket Adidas
User_200,VO_NE_MR,Volleyball,Net,MRF,4,1,Volleyball Net MRF
User_258,FO_JE_NI,Football,Jersey,Nike,1,1,Football Jersey Nike
User_225,BA_RA_AD,Badminton,Racket,Adidas,3,0,Badminton Racket Adidas
User_70,VO_SH_KO,Volleyball,Shoes,Kookaburra,2,1,Volleyball Shoes Kookaburra
User_6,BA_BA_YO,Badminton,Bat,Yonex,3,-1,Badminton Bat Yonex
User_276,CR_SH_NI,Cricket,Shoes,Nike,5,1,Cricket Shoes Nike
User_263,BA_BA_SG,Badminton,Ball,SG,2,1,Badminton Ball SG
User_100,BA_BA_RE,Basketball,Bat,Reebok,5,0,Basketball Bat Reebok
User_35,BA_SH_KO,Basketball,Shoes,Kookaburra,5,1,Basketball Shoes Kookaburra
User_121,CR_BA_KO,Cricket,Ball,Kookaburra,3,1,Cricket Ball Kookaburra
User_169,BA_JE_RE,Badminton,Jersey,Reebok,3,1,Badminton Jersey Reebok
User_161,BA_GL_SG,Basketball,Gloves,SG,4,1,Basketball Gloves SG
User_170,TE_HE_YO,Tennis,Helmet,Yonex,3,1,Tennis Helmet Yonex
User_56,BA_NE_SG,Baseball,Net,SG,3,1,Baseball Net SG
User_40,CR_RA_PU,Cricket,Racket,Puma,5,1,Cricket Racket Puma
User_109,FO_PA_NI,Football,Pads,Nike,5,1,Football Pads Nike
User_115,BA_PA_KO,Badminton,Pads,Kookaburra,2,1,Badminton Pads Kookaburra
User_6,BA_NE_AD,Basketball,Net,Adidas,4,1,Basketball Net Adidas
User_290,BA_PA_PU,Basketball,Pads,Puma,4,1,Basketball Pads Puma
User_119,BA_GL_NI,Baseball,Gloves,Nike,2,0,Baseball Gloves Nike
User_266,BA_GL_RE,Badminton,Gloves,Reebok,1,0,Badminton Gloves Reebok
User_166,VO_NE_KO,Volleyball,Net,Kookaburra,1,1,Volleyball Net Kookaburra
User_188,BA_RA_PU,Badminton,Racket,Puma,4,0,Badminton Racket Puma
User_177,BA_HE_RE,Badminton,Helmet,Reebok,5,1,Badminton Helmet Reebok
User_40,BA_SH_PU,Baseball,Shoes,Puma,4,1,Baseball Shoes Puma
User_61,BA_BA_PU,Badminton,Ball,Puma,2,1,Badminton Ball Puma
User_246,VO_GL_AD,Volleyball,Gloves,Adidas,4,0,Volleyball Gloves Adidas
User_294,BA_HE_NI,Basketball,Helmet,Nike,2,1,Basketball Helmet Nike
User_86,BA_PA_NI,Basketball,Pads,Nike,5,1,Basketball Pads Nike
User_10,BA_PA_MR,Basketball,Pads,MRF,5,-1,Basketball Pads MRF
User_247,CR_BA_KO,Cricket,Ball,Kookaburra,5,-1,Cricket Ball Kookaburra
User_94,TE_HE_PU,Tennis,Helmet,Puma,5,0,Tennis Helmet Puma
User_36,BA_BA_SG,Badminton,Bat,SG,4,1,Badminton Bat SG
User_268,VO_HE_PU,Volleyball,Helmet,Puma,1,1,Volleyball Helmet Puma
User_20,VO_BA_AD,Volleyball,Bat,Adidas,2,1,Volleyball Bat Adidas
User_277,CR_JE_KO,Cricket,Jersey,Kookaburra,2,-1,Cricket Jersey Kookaburra
User_272,VO_PA_MR,Volleyball,Pads,MRF,3,-1,Volleyball Pads MRF
User_295,TE_NE_MR,Tennis,Net,MRF,3,1,Tennis Net MRF
User_43,VO_BA_YO,Volleyball,Bat,Yonex,4,0,Volleyball Bat Yonex
User_4,VO_RA_RE,Volleyball,Racket,Reebok,1,0,Volleyball Racket Reebok
User_162,CR_PA_NI,Cricket,Pads,Nike,4,0,Cricket Pads Nike
User_130,HO_JE_PU,Hockey,Jersey,Puma,4,0,Hockey Jersey Puma
User_212,VO_GL_YO,Volleyball,Gloves,Yonex,4,0,Volleyball Gloves Yonex
User_296,BA_GL_KO,Basketball,Gloves,Kookaburra,3,-1,Basketball Gloves Kookaburra
User_83,VO_BA_AD,Volleyball,Bat,Adidas,2,1,Volleyball Bat Adidas
User_27,TE_PA_MR,Tennis,Pads,MRF,3,0,Tennis Pads MRF
User_223,VO_SH_AD,Volleyball,Shoes,Adidas,2,1,Volleyball Shoes Adidas
User_20,CR_RA_RE,Cricket,Racket,Reebok,3,1,Cricket Racket Reebok
User_90,VO_PA_YO,Volleyball,Pads,Yonex,5,1,Volleyball Pads Yonex
User_18,BA_SH_RE,Baseball,Shoes,Reebok,5,1,Baseball Shoes Reebok
User_1,TE_BA_NI,Tennis,Bat,Nike,3,1,Tennis Bat Nike
User_208,CR_RA_MR,Cricket,Racket,MRF,3,0,Cricket Racket MRF
User_287,FO_JE_AD,Football,Jersey,Adidas,5,1,Football Jersey Adidas
User_233,HO_RA_RE,Hockey,Racket,Reebok,5,-1,Hockey Racket Reebok
User_287,FO_RA_PU,Football,Racket,Puma,4,1,Football Racket Puma
User_276,BA_GL_AD,Badminton,Gloves,Adidas,5,-1,Badminton Gloves Adidas
User_235,BA_HE_KO,Baseball,Helmet,Kookaburra,2,0,Baseball Helmet Kookaburra
User_113,FO_NE_AD,Football,Net,Adidas,3,1,Football Net Adidas
User_135,HO_HE_SG,Hockey,Helmet,SG,5,1,Hockey Helmet SG
User_92,BA_JE_MR,Badminton,Jersey,MRF,3,1,Badminton Jersey MRF
User_98,HO_GL_RE,Hockey,Gloves,Reebok,5,1,Hockey Gloves Reebok
User_104,TE_BA_RE,Tennis,Ball,Reebok,3,1,Tennis Ball Reebok
User_253,HO_BA_AD,Hockey,Bat,Adidas,1,-1,Hockey Bat Adidas
User_295,FO_NE_SG,Football,Net,SG,5,1,Football Net SG
User_296,BA_BA_YO,Baseball,Bat,Yonex,4,1,Baseball Bat Yonex
User_17,FO_PA_MR,Football,Pads,MRF,4,-1,Football Pads MRF
User_266,HO_HE_PU,Hockey,Helmet,Puma,4,-1,Hockey Helmet Puma
User_52,HO_SH_NI,Hockey,Shoes,Nike,2,1,Hockey Shoes Nike
User_138,HO_RA_PU,Hockey,Racket,Puma,5,1,Hockey Racket Puma
User_215,HO_GL_PU,Hockey,Gloves,Puma,4,1,Hockey Gloves Puma
User_68,HO_HE_YO,Hockey,Helmet,Yonex,4,1,Hockey Helmet Yonex
User_196,CR_RA_RE,Cricket,Racket,Reebok,5,1,Cricket Racket Reebok
User_256,BA_BA_KO,Basketball,Bat,Kookaburra,1,1,Basketball Bat Kookaburra
User_291,HO_NE_YO,Hockey,Net,Yonex,3,1,Hockey Net Yonex
User_131,VO_JE_PU,Volleyball,Jersey,Puma,1,1,Volleyball Jersey Puma
User_287,CR_NE_SG,Cricket,Net,SG,3,1,Cricket Net SG
User_102,HO_SH_MR,Hockey,Shoes,MRF,1,1,Hockey Shoes MRF
User_229,BA_GL_SG,Badminton,Gloves,SG,5,1,Badminton Gloves SG
User_173,VO_RA_KO,Volleyball,Racket,Kookaburra,2,-1,Volleyball Racket Kookaburra
User_161,VO_JE_AD,Volleyball,Jersey,Adidas,2,1,Volleyball Jersey Adidas
User_186,BA_RA_MR,Badminton,Racket,MRF,3,-1,Badminton Racket MRF
User_65,BA_HE_PU,Baseball,Helmet,Puma,2,-1,Baseball Helmet Puma
User_49,BA_JE_RE,Badminton,Jersey,Reebok,2,1,Badminton Jersey Reebok
User_269,BA_PA_NI,Baseball,Pads,Nike,1,0,Baseball Pads Nike
User_200,CR_RA_PU,Cricket,Racket,Puma,1,0,Cricket Racket Puma
User_68,TE_BA_YO,Tennis,Ball,Yonex,4,0,Tennis Ball Yonex
User_167,BA_SH_NI,Basketball,Shoes,Nike,3,-1,Basketball Shoes Nike
User_277,BA_PA_YO,Baseball,Pads,Yonex,5,1,Baseball Pads Yonex
User_117,BA_HE_YO,Baseball,Helmet,Yonex,3,1,Baseball Helmet Yonex
User_156,BA_RA_SG,Baseball,Racket,SG,4,1,Baseball Racket SG
User_274,FO_PA_PU,Football,Pads,Puma,3,1,Football Pads Puma
User_150,BA_NE_YO,Baseball,Net,Yonex,1,0,Baseball Net Yonex
User_288,FO_PA_SG,Football,Pads,SG,2,1,Football Pads SG
User_113,VO_BA_PU,Volleyball,Ball,Puma,4,0,Volleyball Ball Puma
User_140,CR_HE_RE,Cricket,Helmet,Reebok,5,0,Cricket Helmet Reebok
User_149,BA_HE_RE,Badminton,Helmet,Reebok,1,1,Badminton Helmet Reebok
User_165,BA_NE_YO,Baseball,Net,Yonex,5,1,Baseball Net Yonex
User_145,BA_SH_NI,Basketball,Shoes,Nike,2,-1,Basketball Shoes Nike
User_8,BA_NE_NI,Basketball,Net,Nike,2,1,Basketball Net Nike
User_256,TE_GL_MR,Tennis,Gloves,MRF,3,0,Tennis Gloves MRF
User_75,BA_SH_SG,Baseball,Shoes,SG,1,0,Baseball Shoes SG
User_99,BA_HE_AD,Badminton,Helmet,Adidas,5,1,Badminton Helmet Adidas
User_227,VO_SH_AD,Volleyball,Shoes,Adidas,2,1,Volleyball Shoes Adidas
User_107,FO_BA_KO,Football,Ball,Kookaburra,1,1,Football Ball Kookaburra
User_22,VO_RA_SG,Volleyball,Racket,SG,2,0,Volleyball Racket SG
User_27,CR_RA_KO,Cricket,Racket,Kookaburra,3,1,Cricket Racket Kookaburra
User_142,CR_BA_MR,Cricket,Ball,MRF,3,1,Cricket Ball MRF
User_244,VO_BA_NI,Volleyball,Ball,Nike,1,1,Volleyball Ball Nike
User_174,HO_JE_RE,Hockey,Jersey,Reebok,2,1,Hockey Jersey Reebok
User_65,FO_GL_PU,Football,Gloves,Puma,5,0,Football Gloves Puma
User_11,TE_GL_SG,Tennis,Gloves,SG,4,0,Tennis Gloves SG
User_225,HO_BA_YO,Hockey,Bat,Yonex,1,1,Hockey Bat Yonex
User_240,BA_BA_PU,Baseball,Ball,Puma,5,1,Baseball Ball Puma
User_135,BA_JE_PU,Basketball,Jersey,Puma,4,1,Basketball Jersey Puma
User_187,BA_SH_MR,Baseball,Shoes,MRF,2,-1,Baseball Shoes MRF
User_255,HO_JE_MR,Hockey,Jersey,MRF,2,1,Hockey Jersey MRF
User_268,BA_GL_MR,Badminton,Gloves,MRF,3,1,Badminton Gloves MRF
User_249,FO_BA_PU,Football,Bat,Puma,1,1,Football Bat Puma
User_132,CR_SH_MR,Cricket,Shoes,MRF,4,1,Cricket Shoes MRF
User_107,HO_BA_AD,Hockey,Ball,Adidas,1,-1,Hockey Ball Adidas
User_213,CR_NE_NI,Cricket,Net,Nike,3,1,Cricket Net Nike
User_40,FO_RA_NI,Football,Racket,Nike,1,0,Football Racket Nike
User_99,CR_JE_RE,Cricket,Jersey,Reebok,5,1,Cricket Jersey Reebok
User_296,TE_BA_MR,Tennis,Bat,MRF,1,0,Tennis Bat MRF
User_282,BA_HE_AD,Baseball,Helmet,Adidas,2,0,Baseball Helmet Adidas
User_282,HO_BA_KO,Hockey,Bat,Kookaburra,3,-1,Hockey Bat Kookaburra
User_289,HO_HE_MR,Hockey,Helmet,MRF,3,0,Hockey Helmet MRF
User_230,VO_PA_YO,Volleyball,Pads,Yonex,3,-1,Volleyball Pads Yonex
User_70,FO_SH_YO,Football,Shoes,Yonex,5,1,Football Shoes Yonex
User_12,FO_RA_RE,Football,Racket,Reebok,2,-1,Football Racket Reebok
User_71,BA_JE_NI,Basketball,Jersey,Nike,4,1,Basketball Jersey Nike
User_48,HO_BA_RE,Hockey,Ball,Reebok,3,0,Hockey Ball Reebok
User_296,TE_JE_SG,Tennis,Jersey,SG,4,1,Tennis Jersey SG
User_172,BA_SH_MR,Badminton,Shoes,MRF,1,0,Badminton Shoes MRF
User_6,VO_HE_AD,Volleyball,Helmet,Adidas,2,0,Volleyball Helmet Adidas
User_77,FO_RA_NI,Football,Racket,Nike,3,1,Football Racket Nike
User_295,TE_BA_NI,Tennis,Bat,Nike,4,-1,Tennis Bat Nike
User_76,CR_BA_MR,Cricket,Ball,MRF,3,0,Cricket Ball MRF
User_281,HO_JE_KO,Hockey,Jersey,Kookaburra,5,0,Hockey Jersey Kookaburra
User_67,BA_JE_MR,Badminton,Jersey,MRF,5,1,Badminton Jersey MRF
User_293,BA_PA_RE,Baseball,Pads,Reebok,4,1,Baseball Pads Reebok
User_166,TE_BA_AD,Tennis,Ball,Adidas,3,0,Tennis Ball Adidas
User_165,CR_HE_MR,Cricket,Helmet,MRF,3,1,Cricket Helmet MRF
User_227,FO_RA_PU,Football,Racket,Puma,3,0,Football Racket Puma
User_80,BA_SH_RE,Baseball,Shoes,Reebok,2,0,Baseball Shoes Reebok
User_148,CR_SH_RE,Cricket,Shoes,Reebok,5,-1,Cricket Shoes Reebok
User_170,HO_JE_YO,Hockey,Jersey,Yonex,4,1,Hockey Jersey Yonex
User_73,TE_BA_YO,Tennis,Ball,Yonex,5,1,Tennis Ball Yonex
User_146,VO_PA_NI,Volleyball,Pads,Nike,3,1,Volleyball Pads Nike
User_139,BA_SH_KO,Badminton,Shoes,Kookaburra,1,1,Badminton Shoes Kookaburra
User_195,CR_SH_YO,Cricket,Shoes,Yonex,4,1,Cricket Shoes Yonex
User_96,CR_GL_KO,Cricket,Gloves,Kookaburra,5,1,Cricket Gloves Kookaburra
User_272,BA_PA_NI,Baseball,Pads,Nike,1,1,Baseball Pads Nike
User_181,HO_NE_MR,Hockey,Net,MRF,2,1,Hockey Net MRF
User_199,BA_BA_YO,Badminton,Ball,Yonex,1,0,Badminton Ball Yonex
User_71,BA_BA_PU,Badminton,Ball,Puma,3,-1,Badminton Ball Puma
User_79,VO_PA_RE,Volleyball,Pads,Reebok,4,1,Volleyball Pads Reebok
User_71,BA_GL_KO,Badminton,Gloves,Kookaburra,5,1,Badminton Gloves Kookaburra
User_75,BA_RA_PU,Basketball,Racket,Puma,4,-1,Basketball Racket Puma
User_75,HO_JE_AD,Hockey,Jersey,Adidas,2,1,Hockey Jersey Adidas
User_141,HO_HE_MR,Hockey,Helmet,MRF,3,1,Hockey Helmet MRF
User_137,TE_JE_PU,Tennis,Jersey,Puma,2,1,Tennis Jersey Puma
User_245,TE_BA_NI,Tennis,Ball,Nike,3,1,Tennis Ball Nike
User_71,BA_GL_PU,Baseball,Gloves,Puma,4,1,Baseball Gloves Puma
User_8,TE_BA_NI,Tennis,Ball,Nike,4,0,Tennis Ball Nike
User_225,VO_BA_RE,Volleyball,Ball,Reebok,2,1,Volleyball Ball Reebok
User_22,HO_NE_RE,Hockey,Net,Reebok,4,1,Hockey Net Reebok
User_234,HO_HE_NI,Hockey,Helmet,Nike,5,1,Hockey Helmet Nike
User_265,TE_PA_MR,Tennis,Pads,MRF,1,1,Tennis Pads MRF
User_147,TE_RA_KO,Tennis,Racket,Kookaburra,4,-1,Tennis Racket Kookaburra
User_265,BA_HE_YO,Basketball,Helmet,Yonex,5,-1,Basketball Helmet Yonex
User_300,BA_NE_AD,Baseball,Net,Adidas,5,1,Baseball Net Adidas
User_233,VO_HE_SG,Volleyball,Helmet,SG,4,1,Volleyball Helmet SG
User_84,BA_JE_YO,Baseball,Jersey,Yonex,3,0,Baseball Jersey Yonex
User_197,CR_JE_KO,Cricket,Jersey,Kookaburra,3,1,Cricket Jersey Kookaburra
User_172,BA_HE_MR,Basketball,Helmet,MRF,1,0,Basketball Helmet MRF
User_159,BA_BA_PU,Basketball,Bat,Puma,1,1,Basketball Bat Puma
User_2,BA_BA_AD,Badminton,Bat,Adidas,2,-1,Badminton Bat Adidas
User_3,FO_NE_KO,Football,Net,Kookaburra,4,1,Football Net Kookaburra
User_41,TE_BA_KO,Tennis,Ball,Kookaburra,4,1,Tennis Ball Kookaburra
User_107,TE_PA_YO,Tennis,Pads,Yonex,5,0,Tennis Pads Yonex
User_17,BA_BA_NI,Basketball,Bat,Nike,3,1,Basketball Bat Nike
User_92,HO_JE_NI,Hockey,Jersey,Nike,1,1,Hockey Jersey Nike
User_185,BA_PA_PU,Badminton,Pads,Puma,4,0,Badminton Pads Puma
User_35,CR_RA_SG,Cricket,Racket,SG,3,-1,Cricket Racket SG
User_141,CR_RA_KO,Cricket,Racket,Kookaburra,2,1,Cricket Racket Kookaburra
User_56,VO_PA_RE,Volleyball,Pads,Reebok,2,0,Volleyball Pads Reebok
User_163,CR_NE_YO,Cricket,Net,Yonex,4,0,Cricket Net Yonex
User_255,HO_BA_KO,Hockey,Bat,Kookaburra,5,0,Hockey Bat Kookaburra
User_13,BA_BA_YO,Basketball,Ball,Yonex,2,1,Basketball Ball Yonex
User_180,CR_BA_MR,Cricket,Ball,MRF,4,1,Cricket Ball MRF
User_158,FO_BA_YO,Football,Ball,Yonex,3,0,Football Ball Yonex
User_292,HO_SH_AD,Hockey,Shoes,Adidas,3,1,Hockey Shoes Adidas
User_246,BA_BA_SG,Basketball,Ball,SG,3,-1,Basketball Ball SG
User_275,FO_BA_KO,Football,Bat,Kookaburra,2,0,Football Bat Kookaburra
User_162,BA_HE_NI,Baseball,Helmet,Nike,5,1,Baseball Helmet Nike
User_144,TE_GL_SG,Tennis,Gloves,SG,1,-1,Tennis Gloves SG
User_96,HO_HE_PU,Hockey,Helmet,Puma,5,0,Hockey Helmet Puma
User_255,BA_GL_NI,Badminton,Gloves,Nike,3,1,Badminton Gloves Nike
User_90,HO_NE_YO,Hockey,Net,Yonex,2,1,Hockey Net Yonex
User_13,HO_SH_RE,Hockey,Shoes,Reebok,1,1,Hockey Shoes Reebok
User_269,BA_BA_SG,Basketball,Ball,SG,4,0,Basketball Ball SG
User_68,HO_BA_AD,Hockey,Bat,Adidas,5,0,Hockey Bat Adidas
User_160,FO_NE_MR,Football,Net,MRF,5,1,Football Net MRF
User_160,CR_GL_KO,Cricket,Gloves,Kookaburra,1,1,Cricket Gloves Kookaburra
User_142,BA_BA_SG,Badminton,Ball,SG,2,1,Badminton Ball SG
User_141,HO_NE_AD,Hockey,Net,Adidas,3,1,Hockey Net Adidas
User_282,FO_PA_AD,Football,Pads,Adidas,2,1,Football Pads Adidas
User_37,BA_BA_YO,Badminton,Bat,Yonex,5,1,Badminton Bat Yonex
User_242,HO_PA_KO,Hockey,Pads,Kookaburra,1,1,Hockey Pads Kookaburra
User_92,CR_HE_NI,Cricket,Helmet,Nike,1,1,Cricket Helmet Nike
User_274,HO_RA_SG,Hockey,Racket,SG,2,0,Hockey Racket SG
User_159,BA_BA_AD,Baseball,Bat,Adidas,4,1,Baseball Bat Adidas
User_133,BA_BA_RE,Baseball,Ball,Reebok,2,-1,Baseball Ball Reebok
User_16,VO_BA_SG,Volleyball,Bat,SG,3,1,Volleyball Bat SG
User_88,BA_JE_SG,Baseball,Jersey,SG,4,1,Baseball Jersey SG
User_55,HO_BA_AD,Hockey,Bat,Adidas,4,0,Hockey Bat Adidas
User_123,CR_RA_KO,Cricket,Racket,Kookaburra,4,1,Cricket Racket Kookaburra
User_221,BA_NE_MR,Basketball,Net,MRF,1,1,Basketball Net MRF
User_40,HO_PA_RE,Hockey,Pads,Reebok,2,0,Hockey Pads Reebok
User_228,CR_NE_SG,Cricket,Net,SG,5,1,Cricket Net SG
User_195,BA_HE_AD,Badminton,Helmet,Adidas,5,1,Badminton Helmet Adidas
User_298,BA_SH_AD,Baseball,Shoes,Adidas,2,0,Baseball Shoes Adidas
User_296,BA_BA_KO,Basketball,Bat,Kookaburra,5,1,Basketball Bat Kookaburra
User_156,TE_BA_SG,Tennis,Ball,SG,3,1,Tennis Ball SG
User_207,HO_JE_NI,Hockey,Jersey,Nike,5,-1,Hockey Jersey Nike
User_1,BA_SH_SG,Badminton,Shoes,SG,5,-1,Badminton Shoes SG
User_202,CR_RA_NI,Cricket,Racket,Nike,2,1,Cricket Racket Nike
User_89,VO_HE_MR,Volleyball,Helmet,MRF,4,1,Volleyball Helmet MRF
User_79,BA_BA_MR,Basketball,Ball,MRF,3,0,Basketball Ball MRF
User_74,BA_BA_NI,Basketball,Bat,Nike,1,0,Basketball Bat Nike
User_213,VO_BA_AD,Volleyball,Bat,Adidas,2,0,Volleyball Bat Adidas
User_231,VO_BA_KO,Volleyball,Bat,Kookaburra,5,1,Volleyball Bat Kookaburra
User_296,HO_BA_PU,Hockey,Ball,Puma,4,0,Hockey Ball Puma
User_296,TE_PA_YO,Tennis,Pads,Yonex,4,-1,Tennis Pads Yonex
User_247,FO_SH_KO,Football,Shoes,Kookaburra,3,1,Football Shoes Kookaburra
User_268,BA_PA_YO,Basketball,Pads,Yonex,4,1,Basketball Pads Yonex
User_160,TE_NE_AD,Tennis,Net,Adidas,5,0,Tennis Net Adidas
User_241,HO_PA_NI,Hockey,Pads,Nike,4,1,Hockey Pads Nike
User_156,VO_GL_YO,Volleyball,Gloves,Yonex,3,1,Volleyball Gloves Yonex
User_150,FO_NE_PU,Football,Net,Puma,5,1,Football Net Puma
User_143,BA_NE_AD,Badminton,Net,Adidas,2,1,Badminton Net Adidas
User_58,BA_RA_YO,Basketball,Racket,Yonex,3,1,Basketball Racket Yonex
User_121,BA_NE_SG,Basketball,Net,SG,2,1,Basketball Net SG
User_75,BA_PA_NI,Basketball,Pads,Nike,3,-1,Basketball Pads Nike
User_86,BA_HE_MR,Baseball,Helmet,MRF,2,0,Baseball Helmet MRF
User_238,HO_SH_YO,Hockey,Shoes,Yonex,1,1,Hockey Shoes Yonex
User_200,BA_RA_KO,Baseball,Racket,Kookaburra,5,1,Baseball Racket Kookaburra
User_230,BA_BA_MR,Badminton,Bat,MRF,1,1,Badminton Bat MRF
User_182,HO_PA_NI,Hockey,Pads,Nike,1,-1,Hockey Pads Nike
User_131,BA_GL_YO,Badminton,Gloves,Yonex,3,0,Badminton Gloves Yonex
User_93,BA_BA_RE,Baseball,Ball,Reebok,5,1,Baseball Ball Reebok
User_269,FO_SH_AD,Football,Shoes,Adidas,1,1,Football Shoes Adidas
User_18,BA_GL_RE,Baseball,Gloves,Reebok,3,1,Baseball Gloves Reebok
User_62,CR_SH_RE,Cricket,Shoes,Reebok,5,0,Cricket Shoes Reebok
User_130,BA_HE_PU,Basketball,Helmet,Puma,1,0,Basketball Helmet Puma
User_166,BA_JE_KO,Baseball,Jersey,Kookaburra,3,0,Baseball Jersey Kookaburra
User_171,BA_JE_YO,Basketball,Jersey,Yonex,1,1,Basketball Jersey Yonex
User_103,BA_RA_PU,Badminton,Racket,Puma,4,1,Badminton Racket Puma
User_221,BA_NE_AD,Basketball,Net,Adidas,2,1,Basketball Net Adidas
User_37,CR_NE_YO,Cricket,Net,Yonex,1,1,Cricket Net Yonex
User_1,BA_SH_KO,Baseball,Shoes,Kookaburra,2,0,Baseball Shoes Kookaburra
User_295,VO_RA_PU,Volleyball,Racket,Puma,3,-1,Volleyball Racket Puma
User_36,BA_NE_MR,Baseball,Net,MRF,4,0,Baseball Net MRF
User_184,FO_HE_KO,Football,Helmet,Kookaburra,1,1,Football Helmet Kookaburra
User_175,BA_HE_NI,Badminton,Helmet,Nike,1,1,Badminton Helmet Nike
User_197,BA_RA_RE,Baseball,Racket,Reebok,2,1,Baseball Racket Reebok
User_225,BA_HE_AD,Badminton,Helmet,Adidas,3,1,Badminton Helmet Adidas
User_123,BA_SH_RE,Basketball,Shoes,Reebok,1,0,Basketball Shoes Reebok
User_231,VO_JE_YO,Volleyball,Jersey,Yonex,4,1,Volleyball Jersey Yonex
User_22,FO_GL_NI,Football,Gloves,Nike,3,0,Football Gloves Nike
User_297,CR_BA_KO,Cricket,Ball,Kookaburra,5,1,Cricket Ball Kookaburra
User_242,CR_SH_PU,Cricket,Shoes,Puma,4,0,Cricket Shoes Puma
User_158,TE_BA_NI,Tennis,Bat,Nike,2,0,Tennis Bat Nike
User_113,BA_BA_AD,Baseball,Bat,Adidas,1,1,Baseball Bat Adidas
User_295,TE_HE_SG,Tennis,Helmet,SG,4,1,Tennis Helmet SG
User_33,HO_BA_NI,Hockey,Ball,Nike,5,1,Hockey Ball Nike
User_284,BA_BA_MR,Badminton,Bat,MRF,2,0,Badminton Bat MRF
User_193,BA_BA_NI,Baseball,Ball,Nike,2,1,Baseball Ball Nike
User_46,FO_NE_AD,Football,Net,Adidas,1,1,Football Net Adidas
User_139,VO_NE_PU,Volleyball,Net,Puma,2,1,Volleyball Net Puma
User_20,BA_HE_RE,Baseball,Helmet,Reebok,2,0,Baseball Helmet Reebok
User_286,BA_JE_YO,Baseball,Jersey,Yonex,3,1,Baseball Jersey Yonex
User_277,TE_JE_AD,Tennis,Jersey,Adidas,5,1,Tennis Jersey Adidas
User_58,TE_NE_RE,Tennis,Net,Reebok,3,1,Tennis Net Reebok
User_23,BA_NE_PU,Baseball,Net,Puma,2,0,Baseball Net Puma
User_233,HO_RA_RE,Hockey,Racket,Reebok,4,1,Hockey Racket Reebok
User_249,CR_SH_PU,Cricket,Shoes,Puma,2,0,Cricket Shoes Puma
User_167,CR_JE_RE,Cricket,Jersey,Reebok,4,1,Cricket Jersey Reebok
User_51,TE_GL_RE,Tennis,Gloves,Reebok,1,1,Tennis Gloves Reebok
User_300,VO_BA_MR,Volleyball,Ball,MRF,2,1,Volleyball Ball MRF
User_233,FO_HE_PU,Football,Helmet,Puma,2,-1,Football Helmet Puma
User_184,VO_GL_PU,Volleyball,Gloves,Puma,4,0,Volleyball Gloves Puma
User_31,TE_GL_PU,Tennis,Gloves,Puma,1,0,Tennis Gloves Puma
User_176,BA_JE_KO,Basketball,Jersey,Kookaburra,4,1,Basketball Jersey Kookaburra
User_118,BA_BA_PU,Badminton,Bat,Puma,5,-1,Badminton Bat Puma
User_237,VO_PA_KO,Volleyball,Pads,Kookaburra,2,1,Volleyball Pads Kookaburra
User_297,FO_HE_RE,Football,Helmet,Reebok,2,1,Football Helmet Reebok
User_241,BA_SH_MR,Basketball,Shoes,MRF,1,1,Basketball Shoes MRF
User_51,FO_HE_MR,Football,Helmet,MRF,4,0,Football Helmet MRF
User_209,BA_BA_AD,Baseball,Ball,Adidas,5,0,Baseball Ball Adidas
User_47,BA_GL_YO,Basketball,Gloves,Yonex,2,0,Basketball Gloves Yonex
User_299,BA_RA_PU,Baseball,Racket,Puma,4,-1,Baseball Racket Puma
User_190,BA_NE_PU,Baseball,Net,Puma,4,1,Baseball Net Puma
User_152,FO_JE_MR,Football,Jersey,MRF,3,1,Football Jersey MRF
User_172,BA_PA_RE,Badminton,Pads,Reebok,1,0,Badminton Pads Reebok
User_21,HO_SH_AD,Hockey,Shoes,Adidas,4,1,Hockey Shoes Adidas
User_105,HO_BA_AD,Hockey,Bat,Adidas,5,0,Hockey Bat Adidas
User_298,HO_BA_AD,Hockey,Ball,Adidas,4,0,Hockey Ball Adidas
User_217,TE_GL_SG,Tennis,Gloves,SG,3,1,Tennis Gloves SG
User_257,FO_JE_SG,Football,Jersey,SG,3,1,Football Jersey SG
User_34,CR_NE_YO,Cricket,Net,Yonex,4,0,Cricket Net Yonex
User_148,BA_JE_AD,Baseball,Jersey,Adidas,4,-1,Baseball Jersey Adidas
User_255,CR_BA_YO,Cricket,Bat,Yonex,1,0,Cricket Bat Yonex
User_278,TE_PA_NI,Tennis,Pads,Nike,3,1,Tennis Pads Nike
User_11,BA_GL_MR,Baseball,Gloves,MRF,4,0,Baseball Gloves MRF
User_267,TE_JE_NI,Tennis,Jersey,Nike,2,0,Tennis Jersey Nike
User_272,VO_GL_SG,Volleyball,Gloves,SG,4,1,Volleyball Gloves SG
User_134,BA_RA_PU,Baseball,Racket,Puma,3,1,Baseball Racket Puma
User_146,BA_GL_YO,Baseball,Gloves,Yonex,1,1,Baseball Gloves Yonex
User_79,BA_BA_YO,Basketball,Bat,Yonex,2,-1,Basketball Bat Yonex
User_226,TE_JE_NI,Tennis,Jersey,Nike,3,1,Tennis Jersey Nike
User_163,HO_BA_RE,Hockey,Bat,Reebok,5,0,Hockey Bat Reebok
User_274,BA_GL_KO,Basketball,Gloves,Kookaburra,5,-1,Basketball Gloves Kookaburra
User_235,CR_SH_MR,Cricket,Shoes,MRF,4,0,Cricket Shoes MRF
User_149,BA_SH_SG,Basketball,Shoes,SG,3,1,Basketball Shoes SG
User_72,BA_GL_AD,Baseball,Gloves,Adidas,4,-1,Baseball Gloves Adidas
User_229,BA_SH_MR,Badminton,Shoes,MRF,5,0,Badminton Shoes MRF
User_299,CR_GL_NI,Cricket,Gloves,Nike,5,0,Cricket Gloves Nike
User_229,TE_RA_RE,Tennis,Racket,Reebok,1,1,Tennis Racket Reebok
User_262,VO_BA_KO,Volleyball,Ball,Kookaburra,3,0,Volleyball Ball Kookaburra
User_191,HO_HE_PU,Hockey,Helmet,Puma,4,1,Hockey Helmet Puma
User_288,BA_GL_SG,Badminton,Gloves,SG,3,-1,Badminton Gloves SG
User_218,TE_NE_MR,Tennis,Net,MRF,4,1,Tennis Net MRF
User_269,BA_JE_PU,Basketball,Jersey,Puma,2,1,Basketball Jersey Puma
User_140,CR_HE_AD,Cricket,Helmet,Adidas,1,1,Cricket Helmet Adidas
User_71,BA_PA_KO,Basketball,Pads,Kookaburra,5,0,Basketball Pads Kookaburra
User_155,BA_HE_YO,Basketball,Helmet,Yonex,5,1,Basketball Helmet Yonex
User_2,BA_PA_KO,Baseball,Pads,Kookaburra,2,1,Baseball Pads Kookaburra
User_148,BA_RA_KO,Badminton,Racket,Kookaburra,1,0,Badminton Racket Kookaburra
User_142,BA_NE_RE,Basketball,Net,Reebok,1,1,Basketball Net Reebok
User_133,CR_GL_KO,Cricket,Gloves,Kookaburra,5,1,Cricket Gloves Kookaburra
User_30,CR_GL_NI,Cricket,Gloves,Nike,3,1,Cricket Gloves Nike
User_140,HO_NE_PU,Hockey,Net,Puma,3,1,Hockey Net Puma
User_40,VO_GL_NI,Volleyball,Gloves,Nike,3,1,Volleyball Gloves Nike
User_279,TE_BA_AD,Tennis,Bat,Adidas,5,0,Tennis Bat Adidas
User_297,HO_RA_YO,Hockey,Racket,Yonex,3,1,Hockey Racket Yonex
User_249,BA_SH_PU,Basketball,Shoes,Puma,5,1,Basketball Shoes Puma
User_114,HO_BA_AD,Hockey,Bat,Adidas,2,1,Hockey Bat Adidas
User_68,CR_HE_KO,Cricket,Helmet,Kookaburra,1,1,Cricket Helmet Kookaburra
User_227,BA_GL_YO,Baseball,Gloves,Yonex,3,1,Baseball Gloves Yonex
User_61,HO_BA_YO,Hockey,Bat,Yonex,1,0,Hockey Bat Yonex
User_67,BA_BA_RE,Basketball,Bat,Reebok,3,1,Basketball Bat Reebok
User_221,VO_JE_AD,Volleyball,Jersey,Adidas,1,0,Volleyball Jersey Adidas
User_241,TE_JE_NI,Tennis,Jersey,Nike,5,1,Tennis Jersey Nike
User_50,BA_SH_AD,Badminton,Shoes,Adidas,3,0,Badminton Shoes Adidas
User_75,TE_BA_PU,Tennis,Ball,Puma,3,1,Tennis Ball Puma
User_124,HO_GL_PU,Hockey,Gloves,Puma,5,0,Hockey Gloves Puma
User_99,CR_JE_NI,Cricket,Jersey,Nike,5,1,Cricket Jersey Nike
User_259,BA_PA_NI,Basketball,Pads,Nike,1,-1,Basketball Pads Nike
User_182,HO_BA_KO,Hockey,Bat,Kookaburra,1,1,Hockey Bat Kookaburra
User_161,VO_BA_RE,Volleyball,Ball,Reebok,4,1,Volleyball Ball Reebok
User_148,BA_JE_PU,Baseball,Jersey,Puma,4,0,Baseball Jersey Puma
User_234,CR_GL_KO,Cricket,Gloves,Kookaburra,1,1,Cricket Gloves Kookaburra
User_220,BA_BA_MR,Baseball,Ball,MRF,3,-1,Baseball Ball MRF
User_252,CR_NE_SG,Cricket,Net,SG,2,1,Cricket Net SG
User_206,VO_NE_AD,Volleyball,Net,Adidas,1,1,Volleyball Net Adidas
User_207,BA_JE_SG,Basketball,Jersey,SG,2,1,Basketball Jersey SG
User_298,TE_HE_KO,Tennis,Helmet,Kookaburra,3,0,Tennis Helmet Kookaburra
User_249,VO_GL_KO,Volleyball,Gloves,Kookaburra,5,-1,Volleyball Gloves Kookaburra
User_251,BA_BA_KO,Badminton,Bat,Kookaburra,1,1,Badminton Bat Kookaburra
User_35,TE_BA_NI,Tennis,Bat,Nike,1,0,Tennis Bat Nike
User_79,FO_BA_MR,Football,Bat,MRF,5,0,Football Bat MRF
User_255,CR_JE_KO,Cricket,Jersey,Kookaburra,4,1,Cricket Jersey Kookaburra
User_17,BA_PA_SG,Badminton,Pads,SG,5,1,Badminton Pads SG
User_227,CR_HE_KO,Cricket,Helmet,Kookaburra,3,-1,Cricket Helmet Kookaburra
User_156,FO_SH_PU,Football,Shoes,Puma,5,0,Football Shoes Puma
User_250,BA_HE_PU,Baseball,Helmet,Puma,3,0,Baseball Helmet Puma
User_81,BA_PA_KO,Baseball,Pads,Kookaburra,4,1,Baseball Pads Kookaburra
User_194,FO_HE_YO,Football,Helmet,Yonex,4,1,Football Helmet Yonex
User_66,BA_GL_NI,Badminton,Gloves,Nike,1,1,Badminton Gloves Nike
User_177,HO_SH_SG,Hockey,Shoes,SG,4,1,Hockey Shoes SG
User_160,VO_GL_NI,Volleyball,Gloves,Nike,2,1,Volleyball Gloves Nike
User_276,CR_RA_AD,Cricket,Racket,Adidas,3,1,Cricket Racket Adidas
User_216,FO_NE_MR,Football,Net,MRF,5,1,Football Net MRF
User_200,FO_NE_NI,Football,Net,Nike,3,1,Football Net Nike
User_258,CR_NE_AD,Cricket,Net,Adidas,2,1,Cricket Net Adidas
User_39,BA_RA_SG,Basketball,Racket,SG,4,1,Basketball Racket SG
User_206,BA_RA_NI,Badminton,Racket,Nike,3,-1,Badminton Racket Nike
User_272,CR_JE_SG,Cricket,Jersey,SG,3,1,Cricket Jersey SG
User_155,VO_BA_SG,Volleyball,Ball,SG,1,0,Volleyball Ball SG
User_129,BA_HE_SG,Badminton,Helmet,SG,2,1,Badminton Helmet SG
User_265,BA_PA_PU,Baseball,Pads,Puma,1,0,Baseball Pads Puma
User_273,BA_BA_KO,Baseball,Ball,Kookaburra,3,-1,Baseball Ball Kookaburra
User_124,FO_PA_RE,Football,Pads,Reebok,3,1,Football Pads Reebok
User_33,BA_HE_MR,Badminton,Helmet,MRF,3,-1,Badminton Helmet MRF
User_121,VO_RA_YO,Volleyball,Racket,Yonex,2,1,Volleyball Racket Yonex
User_159,TE_JE_PU,Tennis,Jersey,Puma,2,1,Tennis Jersey Puma
User_19,BA_PA_MR,Baseball,Pads,MRF,4,0,Baseball Pads MRF
User_143,BA_RA_PU,Basketball,Racket,Puma,1,1,Basketball Racket Puma
User_43,FO_NE_NI,Football,Net,Nike,1,-1,Football Net Nike
User_47,BA_JE_MR,Badminton,Jersey,MRF,3,0,Badminton Jersey MRF
User_62,BA_BA_AD,Basketball,Ball,Adidas,5,0,Basketball Ball Adidas
User_161,BA_NE_AD,Badminton,Net,Adidas,2,1,Badminton Net Adidas
User_90,VO_BA_MR,Volleyball,Ball,MRF,2,1,Volleyball Ball MRF
User_29,BA_NE_MR,Badminton,Net,MRF,3,-1,Badminton Net MRF
User_127,HO_JE_SG,Hockey,Jersey,SG,5,1,Hockey Jersey SG
User_11,BA_GL_KO,Basketball,Gloves,Kookaburra,3,0,Basketball Gloves Kookaburra
User_186,FO_BA_YO,Football,Ball,Yonex,5,1,Football Ball Yonex
User_202,TE_NE_MR,Tennis,Net,MRF,1,-1,Tennis Net MRF
User_83,BA_JE_RE,Badminton,Jersey,Reebok,3,1,Badminton Jersey Reebok
User_252,HO_HE_NI,Hockey,Helmet,Nike,3,-1,Hockey Helmet Nike
User_134,VO_GL_MR,Volleyball,Gloves,MRF,1,0,Volleyball Gloves MRF
User_281,CR_GL_MR,Cricket,Gloves,MRF,5,0,Cricket Gloves MRF
User_70,BA_SH_NI,Baseball,Shoes,Nike,2,0,Baseball Shoes Nike
User_57,VO_BA_YO,Volleyball,Ball,Yonex,3,1,Volleyball Ball Yonex
User_164,TE_PA_PU,Tennis,Pads,Puma,5,0,Tennis Pads Puma
User_168,BA_BA_YO,Baseball,Bat,Yonex,2,0,Baseball Bat Yonex
User_194,TE_JE_MR,Tennis,Jersey,MRF,3,1,Tennis Jersey MRF
User_102,FO_SH_RE,Football,Shoes,Reebok,1,-1,Football Shoes Reebok
User_134,BA_SH_MR,Basketball,Shoes,MRF,5,1,Basketball Shoes MRF
User_270,CR_GL_PU,Cricket,Gloves,Puma,5,1,Cricket Gloves Puma
User_98,BA_NE_AD,Baseball,Net,Adidas,2,0,Baseball Net Adidas
User_106,BA_NE_MR,Badminton,Net,MRF,2,1,Badminton Net MRF
User_75,BA_BA_MR,Badminton,Ball,MRF,2,1,Badminton Ball MRF
User_128,BA_RA_RE,Badminton,Racket,Reebok,5,1,Badminton Racket Reebok
User_166,BA_JE_NI,Baseball,Jersey,Nike,4,1,Baseball Jersey Nike
User_49,TE_HE_MR,Tennis,Helmet,MRF,5,1,Tennis Helmet MRF
